POI_METHOD,Epsilon,AUC,TP,FP,FN,Recall/TPR,Precision,F1,FPR
backdoor,1.0,0.9807493936842105,2497,36669,3,0.9988,0.06375427666853904,0.11985791772668364,0.7719789473684211
backdoor,0.1,0.9807493936842105,2487,28882,13,0.9948,0.07928209378685964,0.14685996043579677,0.6080421052631579
backdoor,0.01,0.9807493936842105,2483,25377,17,0.9932,0.08912419239052405,0.16357048748353098,0.5342526315789474
backdoor,0.001,0.9807493936842105,2482,22659,18,0.9928,0.09872320114553916,0.1795882927535183,0.4770315789473684
backdoor,0.0001,0.9807493936842105,2476,20531,24,0.9904,0.10761942017646803,0.19414278433371232,0.4322315789473684
backdoor,1e-05,0.9807493936842105,2475,18632,25,0.99,0.11725967688444591,0.20968356843309188,0.39225263157894735
backdoor,1e-06,0.9807493936842105,2469,17029,31,0.9876,0.1266283721407324,0.22447495226838804,0.3585052631578947
backdoor,1e-07,0.9807493936842105,2463,15680,37,0.9852,0.13575483657608994,0.23862810637988663,0.33010526315789473
backdoor,1e-08,0.9807493936842105,2458,14420,42,0.9832,0.14563336888256903,0.2536897512643204,0.30357894736842106
backdoor,1e-09,0.9807493936842105,2456,13267,44,0.9824,0.1562042867137315,0.269549470449432,0.2793052631578947
backdoor,1e-10,0.9807493936842105,2449,12299,51,0.9796,0.16605641442907512,0.2839749536178108,0.25892631578947367
backdoor,1e-11,0.9807493936842105,2442,11399,58,0.9768,0.1764323387038509,0.2988801174958693,0.23997894736842104
backdoor,1e-12,0.9807493936842105,2441,10555,59,0.9764,0.1878270236995999,0.3150490449148167,0.22221052631578947
backdoor,1e-13,0.9807493936842105,2440,9823,60,0.976,0.19897251895947157,0.3305561200298043,0.2068
backdoor,1e-14,0.9807493936842105,2435,9124,65,0.974,0.21065836144995242,0.346397325556583,0.1920842105263158
backdoor,1e-15,0.9807493936842105,2429,8523,71,0.9716,0.22178597516435355,0.36113589057389234,0.17943157894736841
backdoor,1e-16,0.9807493936842105,2424,7943,76,0.9696,0.23381884826854443,0.3767778036838424,0.16722105263157894
backdoor,1e-17,0.9807493936842105,2423,7489,77,0.9692,0.24445117029862792,0.39042861746696744,0.15766315789473684
backdoor,1e-18,0.9807493936842105,2415,7054,85,0.966,0.2550427711479565,0.4035424847522767,0.14850526315789472
backdoor,1e-19,0.9807493936842105,2413,6621,87,0.9652,0.2671020588886429,0.4184151205132652,0.13938947368421054
backdoor,1e-20,0.9807493936842105,2408,6224,92,0.9632,0.2789620018535681,0.4326266618756737,0.13103157894736842
backdoor,1e-21,0.9807493936842105,2404,5866,96,0.9616,0.29068923821039905,0.4464252553389043,0.12349473684210527
backdoor,1e-22,0.9807493936842105,2399,5538,101,0.9596,0.3022552601738692,0.4597106448213088,0.11658947368421052
backdoor,1e-23,0.9807493936842105,2393,5222,107,0.9572,0.3142481943532502,0.4731586752347999,0.10993684210526315
backdoor,1e-24,0.9807493936842105,2389,4945,111,0.9556,0.32574311426233976,0.48586536505999595,0.10410526315789474
backdoor,1e-25,0.9807493936842105,2386,4645,114,0.9544,0.33935428815246765,0.5006819851012485,0.09778947368421052
backdoor,1e-26,0.9807493936842105,2382,4402,118,0.9528,0.35112028301886794,0.5131408875484705,0.09267368421052631
backdoor,1e-27,0.9807493936842105,2379,4188,121,0.9516,0.3622658748286889,0.5247601191132678,0.08816842105263158
backdoor,1e-28,0.9807493936842105,2377,3984,123,0.9508,0.3736833831158623,0.5365082947748562,0.08387368421052632
backdoor,1e-29,0.9807493936842105,2373,3806,127,0.9492,0.38404272536009065,0.546837193225026,0.08012631578947368
backdoor,1e-30,0.9807493936842105,2363,3576,137,0.9452,0.3978784307122411,0.5600189595923687,0.07528421052631579
backdoor,1e-31,0.9807493936842105,2360,3407,140,0.944,0.40922490029478065,0.570944719970969,0.07172631578947368
backdoor,1e-32,0.9807493936842105,2349,3255,151,0.9396,0.41916488222698073,0.5797137216189536,0.06852631578947369
backdoor,1e-33,0.9807493936842105,2343,3102,157,0.9372,0.4303030303030303,0.58980490874764,0.06530526315789474
backdoor,1e-34,0.9807493936842105,2337,2942,163,0.9348,0.4426974805834438,0.6008484381025839,0.06193684210526316
backdoor,1e-35,0.9807493936842105,2333,2810,167,0.9332,0.45362628815866224,0.6104932618081904,0.059157894736842104
backdoor,1e-36,0.9807493936842105,2330,2689,170,0.932,0.4642359035664475,0.6197632663918075,0.05661052631578947
backdoor,1e-37,0.9807493936842105,2325,2586,175,0.93,0.47342700061087356,0.6274456888409122,0.054442105263157896
backdoor,1e-38,0.9807493936842105,2315,2468,185,0.926,0.4840058540664855,0.6357270355622683,0.051957894736842106
backdoor,1e-39,0.9807493936842105,2310,2376,190,0.924,0.49295774647887325,0.6429167826328973,0.050021052631578945
backdoor,1e-40,0.9807493936842105,2300,2274,200,0.92,0.5028421512898994,0.6502685891998868,0.04787368421052632
backdoor,1e-41,0.9807493936842105,2293,2188,207,0.9172,0.5117161347913413,0.656925941842143,0.04606315789473684
backdoor,1e-42,0.9807493936842105,2289,2113,211,0.9156,0.519990913221263,0.663286004056795,0.04448421052631579
backdoor,1e-43,0.9807493936842105,2280,2033,220,0.912,0.5286343612334802,0.6693086745926905,0.0428
backdoor,1e-44,0.9807493936842105,2280,1956,220,0.912,0.5382436260623229,0.6769596199524941,0.04117894736842105
backdoor,1e-45,0.9807493936842105,2277,1874,223,0.9108,0.548542519874729,0.6847090663058188,0.03945263157894737
backdoor,1e-46,0.9807493936842105,2273,1785,227,0.9092,0.5601281419418432,0.6931991460811223,0.03757894736842105
backdoor,1e-47,0.9807493936842105,2264,1712,236,0.9056,0.5694164989939637,0.6991970352069179,0.036042105263157896
backdoor,1e-48,0.9807493936842105,2256,1650,244,0.9024,0.5775729646697388,0.7043396815485483,0.034736842105263156
backdoor,1e-49,0.9807493936842105,2251,1597,249,0.9004,0.5849792099792099,0.7091997479521108,0.03362105263157895
backdoor,1e-50,0.9807493936842105,2245,1531,255,0.898,0.5945444915254238,0.7154238368387509,0.032231578947368424
backdoor,1e-51,0.9807493936842105,2241,1470,259,0.8964,0.6038803556992725,0.721622927064885,0.030947368421052633
backdoor,1e-52,0.9807493936842105,2236,1410,264,0.8944,0.6132748217224355,0.727627725349821,0.02968421052631579
backdoor,1e-53,0.9807493936842105,2229,1350,271,0.8916,0.622799664710813,0.73334430004935,0.028421052631578948
backdoor,1e-54,0.9807493936842105,2223,1296,277,0.8892,0.6317135549872123,0.7386609071274297,0.02728421052631579
backdoor,1e-55,0.9807493936842105,2219,1235,281,0.8876,0.6424435437174291,0.7453812562982869,0.026
backdoor,1e-56,0.9807493936842105,2213,1189,287,0.8852,0.6504997060552616,0.7499152829549305,0.025031578947368422
backdoor,1e-57,0.9807493936842105,2208,1140,292,0.8832,0.6594982078853047,0.7551299589603283,0.024
backdoor,1e-58,0.9807493936842105,2199,1097,301,0.8796,0.6671723300970874,0.7587991718426501,0.02309473684210526
backdoor,1e-59,0.9807493936842105,2192,1052,308,0.8768,0.6757090012330457,0.7632311977715878,0.02214736842105263
backdoor,1e-60,0.9807493936842105,2187,1016,313,0.8748,0.6827973774586326,0.766964755391899,0.021389473684210528
backdoor,1e-61,0.9807493936842105,2183,981,317,0.8732,0.6899494310998736,0.7708333333333334,0.020652631578947367
backdoor,1e-62,0.9807493936842105,2174,940,326,0.8696,0.6981374438021837,0.7744923405771287,0.019789473684210527
backdoor,1e-63,0.9807493936842105,2169,908,331,0.8676,0.7049073773155671,0.7778375470683163,0.01911578947368421
backdoor,1e-64,0.9807493936842105,2160,874,340,0.864,0.7119314436387607,0.7806288398988074,0.0184
backdoor,1e-65,0.9807493936842105,2152,845,348,0.8608,0.7180513847180514,0.7829725304711661,0.017789473684210525
backdoor,1e-66,0.9807493936842105,2148,813,352,0.8592,0.7254305977710233,0.7866691082219374,0.01711578947368421
backdoor,1e-67,0.9807493936842105,2138,783,362,0.8552,0.7319411160561452,0.788784357129681,0.01648421052631579
backdoor,1e-68,0.9807493936842105,2129,749,371,0.8516,0.7397498262682418,0.7917441428040163,0.015768421052631577
backdoor,1e-69,0.9807493936842105,2121,721,379,0.8484,0.7463054187192119,0.7940846125046799,0.015178947368421052
backdoor,1e-70,0.9807493936842105,2116,701,384,0.8464,0.7511537096201633,0.7959375587737445,0.014757894736842105
backdoor,1e-71,0.9807493936842105,2106,679,394,0.8424,0.756193895870736,0.7969725638599812,0.014294736842105263
backdoor,1e-72,0.9807493936842105,2097,649,403,0.8388,0.7636562272396212,0.7994662600076248,0.013663157894736842
backdoor,1e-73,0.9807493936842105,2092,629,408,0.8368,0.768834987137082,0.8013790461597394,0.013242105263157895
backdoor,1e-74,0.9807493936842105,2085,613,415,0.834,0.7727946627131208,0.8022316275490573,0.012905263157894737
backdoor,1e-75,0.9807493936842105,2079,597,421,0.8316,0.7769058295964125,0.8033230293663061,0.01256842105263158
backdoor,1e-76,0.9807493936842105,2073,564,427,0.8292,0.7861205915813424,0.8070858477710726,0.011873684210526316
backdoor,1e-77,0.9807493936842105,2064,548,436,0.8256,0.7901990811638591,0.8075117370892018,0.011536842105263158
backdoor,1e-78,0.9807493936842105,2055,526,445,0.822,0.7962030220844634,0.8088958866364887,0.011073684210526315
backdoor,1e-79,0.9807493936842105,2050,515,450,0.82,0.7992202729044834,0.8094768015794669,0.010842105263157894
backdoor,1e-80,0.9807493936842105,2045,497,455,0.818,0.8044846577498033,0.811186037286791,0.010463157894736843
backdoor,1e-81,0.9807493936842105,2039,481,461,0.8156,0.8091269841269841,0.8123505976095617,0.010126315789473685
backdoor,1e-82,0.9807493936842105,2035,468,465,0.814,0.8130243707550939,0.8135118928642815,0.009852631578947368
backdoor,1e-83,0.9807493936842105,2026,457,474,0.8104,0.8159484494563028,0.8131647601846277,0.009621052631578947
backdoor,1e-84,0.9807493936842105,2017,444,483,0.8068,0.819585534335636,0.8131425115904051,0.009347368421052632
backdoor,1e-85,0.9807493936842105,2014,431,486,0.8056,0.8237218813905931,0.8145601617795754,0.009073684210526315
backdoor,1e-86,0.9807493936842105,2006,419,494,0.8024,0.8272164948453609,0.8146192893401015,0.008821052631578948
backdoor,1e-87,0.9807493936842105,1998,403,502,0.7992,0.8321532694710537,0.8153438073862477,0.00848421052631579
backdoor,1e-88,0.9807493936842105,1992,390,508,0.7968,0.836272040302267,0.8160589922163047,0.008210526315789474
backdoor,1e-89,0.9807493936842105,1987,383,513,0.7948,0.8383966244725738,0.8160164271047228,0.008063157894736842
backdoor,1e-90,0.9807493936842105,1983,365,517,0.7932,0.8445485519591142,0.818069306930693,0.007684210526315789
backdoor,1e-91,0.9807493936842105,1977,343,523,0.7908,0.8521551724137931,0.8203319502074687,0.0072210526315789475
backdoor,1e-92,0.9807493936842105,1966,332,534,0.7864,0.855526544821584,0.8195081283868277,0.006989473684210526
backdoor,1e-93,0.9807493936842105,1959,320,541,0.7836,0.8595875383940325,0.8198367859384807,0.006736842105263158
backdoor,1e-94,0.9807493936842105,1948,300,552,0.7792,0.8665480427046264,0.8205560235888796,0.00631578947368421
backdoor,1e-95,0.9807493936842105,1938,290,562,0.7752,0.86983842010772,0.8197969543147208,0.006105263157894737
backdoor,1e-96,0.9807493936842105,1933,285,567,0.7732,0.8715058611361587,0.8194150063586265,0.006
backdoor,1e-97,0.9807493936842105,1925,273,575,0.77,0.8757961783439491,0.8194976585781183,0.005747368421052631
backdoor,1e-98,0.9807493936842105,1920,263,580,0.768,0.8795235913879982,0.8199871877001922,0.005536842105263158
backdoor,1e-99,0.9807493936842105,1910,260,590,0.764,0.880184331797235,0.8179871520342611,0.0054736842105263155
backdoor,1e-100,0.9807493936842105,1904,250,596,0.7616,0.8839368616527391,0.8182208852599914,0.005263157894736842
backdoor_all2all,1.0,0.6204595789473685,2133,37265,367,0.8532,0.05413980405096706,0.10181870256336818,0.7845263157894737
backdoor_all2all,0.1,0.6204595789473685,1833,28954,667,0.7332,0.059538116737584044,0.11013308498813351,0.6095578947368421
backdoor_all2all,0.01,0.6204595789473685,1651,25014,849,0.6604,0.06191636977311082,0.11321789816560947,0.5266105263157895
backdoor_all2all,0.001,0.6204595789473685,1527,21965,973,0.6108,0.0650008513536523,0.11749769159741458,0.46242105263157895
backdoor_all2all,0.0001,0.6204595789473685,1409,19384,1091,0.5636,0.06776318953493965,0.12098055209719659,0.40808421052631577
backdoor_all2all,1e-05,0.6204595789473685,1309,17182,1191,0.5236,0.07079119571683522,0.12472011814587203,0.3617263157894737
backdoor_all2all,1e-06,0.6204595789473685,1221,15262,1279,0.4884,0.07407632105805982,0.1286414160037929,0.32130526315789476
backdoor_all2all,1e-07,0.6204595789473685,1154,13570,1346,0.4616,0.07837544145612606,0.13399907106363215,0.28568421052631576
backdoor_all2all,1e-08,0.6204595789473685,1076,12092,1424,0.4304,0.08171324422843257,0.13735001276487105,0.25456842105263155
backdoor_all2all,1e-09,0.6204595789473685,1023,10756,1477,0.4092,0.08684947788437049,0.14328734505217453,0.2264421052631579
backdoor_all2all,1e-10,0.6204595789473685,970,9584,1530,0.388,0.09190828122039037,0.14861345181553548,0.20176842105263157
backdoor_all2all,1e-11,0.6204595789473685,905,8568,1595,0.362,0.09553467750448644,0.15117347364904368,0.18037894736842106
backdoor_all2all,1e-12,0.6204595789473685,854,7676,1646,0.3416,0.10011723329425556,0.15485040797824115,0.1616
backdoor_all2all,1e-13,0.6204595789473685,820,6857,1680,0.328,0.10681255698840693,0.16114768595853396,0.1443578947368421
backdoor_all2all,1e-14,0.6204595789473685,765,6098,1735,0.306,0.11146728835786099,0.16340916372957384,0.12837894736842106
backdoor_all2all,1e-15,0.6204595789473685,723,5446,1777,0.2892,0.11719889771437834,0.16680124581843347,0.11465263157894737
backdoor_all2all,1e-16,0.6204595789473685,690,4855,1810,0.276,0.12443642921550947,0.1715351149782474,0.10221052631578947
backdoor_all2all,1e-17,0.6204595789473685,659,4325,1841,0.2636,0.132223113964687,0.17610903260288616,0.09105263157894737
backdoor_all2all,1e-18,0.6204595789473685,630,3853,1870,0.252,0.14053089449029668,0.18043820707432337,0.08111578947368421
backdoor_all2all,1e-19,0.6204595789473685,601,3464,1899,0.2404,0.14784747847478474,0.18309215536938309,0.07292631578947369
backdoor_all2all,1e-20,0.6204595789473685,578,3057,1922,0.2312,0.15900962861072904,0.18842705786471067,0.0643578947368421
backdoor_all2all,1e-21,0.6204595789473685,547,2697,1953,0.2188,0.1686189889025894,0.1904596100278551,0.056778947368421054
backdoor_all2all,1e-22,0.6204595789473685,524,2390,1976,0.2096,0.17982155113246398,0.1935722201699298,0.05031578947368421
backdoor_all2all,1e-23,0.6204595789473685,503,2109,1997,0.2012,0.19257274119448697,0.19679186228482,0.0444
backdoor_all2all,1e-24,0.6204595789473685,480,1879,2020,0.192,0.20347604917337855,0.19757151677299856,0.039557894736842104
backdoor_all2all,1e-25,0.6204595789473685,455,1679,2045,0.182,0.21321462043111528,0.19637462235649547,0.035347368421052634
backdoor_all2all,1e-26,0.6204595789473685,433,1480,2067,0.1732,0.22634605331939361,0.1962383865850895,0.031157894736842107
backdoor_all2all,1e-27,0.6204595789473685,422,1319,2078,0.1688,0.24238943136128663,0.19900966753124266,0.027768421052631578
backdoor_all2all,1e-28,0.6204595789473685,404,1170,2096,0.1616,0.25667090216010163,0.19833087874324987,0.02463157894736842
backdoor_all2all,1e-29,0.6204595789473685,389,1028,2111,0.1556,0.2745236414961186,0.19862139392392136,0.021642105263157893
backdoor_all2all,1e-30,0.6204595789473685,373,915,2127,0.1492,0.28959627329192544,0.1969376979936642,0.019263157894736843
backdoor_all2all,1e-31,0.6204595789473685,360,822,2140,0.144,0.30456852791878175,0.1955458989679522,0.017305263157894737
backdoor_all2all,1e-32,0.6204595789473685,350,754,2150,0.14,0.3170289855072464,0.1942286348501665,0.015873684210526314
backdoor_all2all,1e-33,0.6204595789473685,338,669,2162,0.1352,0.3356504468718967,0.19275734245794127,0.01408421052631579
backdoor_all2all,1e-34,0.6204595789473685,328,608,2172,0.1312,0.3504273504273504,0.19091967403958093,0.0128
backdoor_all2all,1e-35,0.6204595789473685,318,543,2182,0.1272,0.3693379790940767,0.18922939601309133,0.011431578947368421
backdoor_all2all,1e-36,0.6204595789473685,299,500,2201,0.1196,0.3742177722152691,0.18126705062140042,0.010526315789473684
backdoor_all2all,1e-37,0.6204595789473685,287,457,2213,0.1148,0.385752688172043,0.17694204685573364,0.009621052631578947
backdoor_all2all,1e-38,0.6204595789473685,275,414,2225,0.11,0.3991291727140784,0.1724678582627783,0.00871578947368421
backdoor_all2all,1e-39,0.6204595789473685,271,370,2229,0.1084,0.42277691107644305,0.17255651066539318,0.007789473684210527
backdoor_all2all,1e-40,0.6204595789473685,259,327,2241,0.1036,0.44197952218430037,0.16785482825664289,0.0068842105263157895
backdoor_all2all,1e-41,0.6204595789473685,249,301,2251,0.0996,0.4527272727272727,0.16327868852459018,0.006336842105263158
backdoor_all2all,1e-42,0.6204595789473685,237,270,2263,0.0948,0.46745562130177515,0.15763219155304292,0.00568421052631579
backdoor_all2all,1e-43,0.6204595789473685,232,252,2268,0.0928,0.4793388429752066,0.15549597855227884,0.0053052631578947365
backdoor_all2all,1e-44,0.6204595789473685,223,234,2277,0.0892,0.487964989059081,0.15082854244166385,0.004926315789473684
backdoor_all2all,1e-45,0.6204595789473685,220,214,2280,0.088,0.5069124423963134,0.1499659168370825,0.004505263157894737
backdoor_all2all,1e-46,0.6204595789473685,212,199,2288,0.0848,0.5158150851581509,0.1456544142906218,0.004189473684210526
backdoor_all2all,1e-47,0.6204595789473685,204,168,2296,0.0816,0.5483870967741935,0.14206128133704737,0.003536842105263158
backdoor_all2all,1e-48,0.6204595789473685,198,156,2302,0.0792,0.559322033898305,0.13875262789067974,0.0032842105263157896
backdoor_all2all,1e-49,0.6204595789473685,193,137,2307,0.0772,0.5848484848484848,0.1363957597173145,0.0028842105263157895
backdoor_all2all,1e-50,0.6204595789473685,185,127,2315,0.074,0.592948717948718,0.13157894736842105,0.002673684210526316
backdoor_all2all,1e-51,0.6204595789473685,179,120,2321,0.0716,0.5986622073578596,0.1279028224365845,0.0025263157894736842
backdoor_all2all,1e-52,0.6204595789473685,175,113,2325,0.07,0.6076388888888888,0.12553802008608322,0.0023789473684210525
backdoor_all2all,1e-53,0.6204595789473685,166,102,2334,0.0664,0.6194029850746269,0.1199421965317919,0.0021473684210526318
backdoor_all2all,1e-54,0.6204595789473685,160,95,2340,0.064,0.6274509803921569,0.1161524500907441,0.002
backdoor_all2all,1e-55,0.6204595789473685,157,89,2343,0.0628,0.6382113821138211,0.1143481427530954,0.0018736842105263158
backdoor_all2all,1e-56,0.6204595789473685,152,83,2348,0.0608,0.6468085106382979,0.11115173674588667,0.0017473684210526316
backdoor_all2all,1e-57,0.6204595789473685,152,79,2348,0.0608,0.658008658008658,0.11131453679970707,0.001663157894736842
backdoor_all2all,1e-58,0.6204595789473685,147,79,2353,0.0588,0.6504424778761062,0.1078503301540719,0.001663157894736842
backdoor_all2all,1e-59,0.6204595789473685,143,73,2357,0.0572,0.6620370370370371,0.1053019145802651,0.0015368421052631579
backdoor_all2all,1e-60,0.6204595789473685,141,65,2359,0.0564,0.6844660194174758,0.10421286031042128,0.0013684210526315789
backdoor_all2all,1e-61,0.6204595789473685,136,61,2364,0.0544,0.6903553299492385,0.10085279940674824,0.0012842105263157894
backdoor_all2all,1e-62,0.6204595789473685,134,52,2366,0.0536,0.7204301075268817,0.09977661950856292,0.0010947368421052631
backdoor_all2all,1e-63,0.6204595789473685,132,50,2368,0.0528,0.7252747252747253,0.09843400447427293,0.0010526315789473684
backdoor_all2all,1e-64,0.6204595789473685,128,49,2372,0.0512,0.7231638418079096,0.09562943593574898,0.0010315789473684211
backdoor_all2all,1e-65,0.6204595789473685,125,46,2375,0.05,0.7309941520467836,0.0935979034069637,0.0009684210526315789
backdoor_all2all,1e-66,0.6204595789473685,122,42,2378,0.0488,0.7439024390243902,0.0915915915915916,0.0008842105263157895
backdoor_all2all,1e-67,0.6204595789473685,116,38,2384,0.0464,0.7532467532467533,0.08741522230595328,0.0008
backdoor_all2all,1e-68,0.6204595789473685,114,37,2386,0.0456,0.7549668874172185,0.08600528102602793,0.0007789473684210527
backdoor_all2all,1e-69,0.6204595789473685,112,37,2388,0.0448,0.7516778523489933,0.0845602114005285,0.0007789473684210527
backdoor_all2all,1e-70,0.6204595789473685,108,36,2392,0.0432,0.75,0.08169440242057488,0.0007578947368421053
backdoor_all2all,1e-71,0.6204595789473685,106,35,2394,0.0424,0.75177304964539,0.08027262400605831,0.0007368421052631579
backdoor_all2all,1e-72,0.6204595789473685,102,34,2398,0.0408,0.75,0.07738998482549318,0.0007157894736842105
backdoor_all2all,1e-73,0.6204595789473685,101,34,2399,0.0404,0.7481481481481481,0.07666034155597723,0.0007157894736842105
backdoor_all2all,1e-74,0.6204595789473685,97,34,2403,0.0388,0.7404580152671756,0.07373622196883314,0.0007157894736842105
backdoor_all2all,1e-75,0.6204595789473685,97,34,2403,0.0388,0.7404580152671756,0.07373622196883314,0.0007157894736842105
backdoor_all2all,1e-76,0.6204595789473685,96,33,2404,0.0384,0.7441860465116279,0.07303157093952073,0.0006947368421052632
backdoor_all2all,1e-77,0.6204595789473685,95,31,2405,0.038,0.753968253968254,0.07235338918507235,0.0006526315789473684
backdoor_all2all,1e-78,0.6204595789473685,93,31,2407,0.0372,0.75,0.07088414634146341,0.0006526315789473684
backdoor_all2all,1e-79,0.6204595789473685,89,27,2411,0.0356,0.7672413793103449,0.06804281345565749,0.0005684210526315789
backdoor_all2all,1e-80,0.6204595789473685,88,26,2412,0.0352,0.7719298245614035,0.06732976281560826,0.0005473684210526316
backdoor_all2all,1e-81,0.6204595789473685,87,26,2413,0.0348,0.7699115044247787,0.06659012629161883,0.0005473684210526316
backdoor_all2all,1e-82,0.6204595789473685,84,25,2416,0.0336,0.7706422018348624,0.06439248754311996,0.0005263157894736842
backdoor_all2all,1e-83,0.6204595789473685,84,25,2416,0.0336,0.7706422018348624,0.06439248754311996,0.0005263157894736842
backdoor_all2all,1e-84,0.6204595789473685,83,25,2417,0.0332,0.7685185185185185,0.06365030674846625,0.0005263157894736842
backdoor_all2all,1e-85,0.6204595789473685,81,24,2419,0.0324,0.7714285714285715,0.06218809980806142,0.0005052631578947368
backdoor_all2all,1e-86,0.6204595789473685,80,23,2420,0.032,0.7766990291262136,0.061467537456780644,0.00048421052631578945
backdoor_all2all,1e-87,0.6204595789473685,79,21,2421,0.0316,0.79,0.06076923076923078,0.00044210526315789476
backdoor_all2all,1e-88,0.6204595789473685,76,20,2424,0.0304,0.7916666666666666,0.058551617873651776,0.0004210526315789474
backdoor_all2all,1e-89,0.6204595789473685,75,18,2425,0.03,0.8064516129032258,0.057848052448900886,0.00037894736842105265
backdoor_all2all,1e-90,0.6204595789473685,74,18,2426,0.0296,0.8043478260869565,0.05709876543209877,0.00037894736842105265
backdoor_all2all,1e-91,0.6204595789473685,71,17,2429,0.0284,0.8068181818181818,0.054868624420401864,0.0003578947368421053
backdoor_all2all,1e-92,0.6204595789473685,70,16,2430,0.028,0.813953488372093,0.054137664346481054,0.0003368421052631579
backdoor_all2all,1e-93,0.6204595789473685,69,15,2431,0.0276,0.8214285714285714,0.05340557275541796,0.00031578947368421053
backdoor_all2all,1e-94,0.6204595789473685,66,15,2434,0.0264,0.8148148148148148,0.05114296784192174,0.00031578947368421053
backdoor_all2all,1e-95,0.6204595789473685,66,15,2434,0.0264,0.8148148148148148,0.05114296784192174,0.00031578947368421053
backdoor_all2all,1e-96,0.6204595789473685,64,15,2436,0.0256,0.810126582278481,0.04963164017060877,0.00031578947368421053
backdoor_all2all,1e-97,0.6204595789473685,63,15,2437,0.0252,0.8076923076923077,0.048875096974398756,0.00031578947368421053
backdoor_all2all,1e-98,0.6204595789473685,60,15,2440,0.024,0.8,0.04660194174757282,0.00031578947368421053
backdoor_all2all,1e-99,0.6204595789473685,59,15,2441,0.0236,0.7972972972972973,0.04584304584304585,0.00031578947368421053
backdoor_all2all,1e-100,0.6204595789473685,56,14,2444,0.0224,0.8,0.043579766536964985,0.00029473684210526316
badnets,1.0,0.9057742947368421,2494,36607,6,0.9976,0.0637835349479553,0.11990096391913656,0.7706736842105263
badnets,0.1,0.9057742947368421,2469,28271,31,0.9876,0.08031880286271958,0.14855595667870036,0.595178947368421
badnets,0.01,0.9057742947368421,2449,24613,51,0.9796,0.09049589830758997,0.1656856775590285,0.5181684210526316
badnets,0.001,0.9057742947368421,2419,21836,81,0.9676,0.0997320140177283,0.1808260138291908,0.45970526315789473
badnets,0.0001,0.9057742947368421,2392,19548,108,0.9568,0.109024612579763,0.19574468085106383,0.41153684210526315
badnets,1e-05,0.9057742947368421,2364,17587,136,0.9456,0.11849030123803318,0.21059195581488577,0.3702526315789474
badnets,1e-06,0.9057742947368421,2340,15897,160,0.936,0.1283105773975983,0.22568356078507018,0.3346736842105263
badnets,1e-07,0.9057742947368421,2311,14436,189,0.9244,0.13799486475189587,0.24014132072530786,0.3039157894736842
badnets,1e-08,0.9057742947368421,2275,13150,225,0.91,0.14748784440842788,0.25383542538354253,0.2768421052631579
badnets,1e-09,0.9057742947368421,2246,11997,254,0.8984,0.1576914975777575,0.2682912261840769,0.25256842105263155
badnets,1e-10,0.9057742947368421,2202,10977,298,0.8808,0.16708399726838152,0.28088526053957524,0.23109473684210527
badnets,1e-11,0.9057742947368421,2163,10045,337,0.8652,0.1771788990825688,0.29412564590698936,0.2114736842105263
badnets,1e-12,0.9057742947368421,2114,9227,386,0.8456,0.18640331540428534,0.30546925800158947,0.19425263157894737
badnets,1e-13,0.9057742947368421,2076,8472,424,0.8304,0.19681456200227532,0.3182096873083998,0.1783578947368421
badnets,1e-14,0.9057742947368421,2026,7766,474,0.8104,0.20690359477124182,0.32964529775463713,0.16349473684210528
badnets,1e-15,0.9057742947368421,1979,7119,521,0.7916,0.2175203341393713,0.3412657354716331,0.14987368421052633
badnets,1e-16,0.9057742947368421,1944,6585,556,0.7776,0.2279282448118185,0.3525251609393418,0.1386315789473684
badnets,1e-17,0.9057742947368421,1898,6058,602,0.7592,0.238562091503268,0.3630451415455241,0.12753684210526317
badnets,1e-18,0.9057742947368421,1849,5568,651,0.7396,0.24929216664419576,0.3728950287385298,0.11722105263157895
badnets,1e-19,0.9057742947368421,1808,5147,692,0.7232,0.2599568655643422,0.38244315177154947,0.10835789473684211
badnets,1e-20,0.9057742947368421,1763,4761,737,0.7052,0.2702329858982219,0.3907358156028369,0.10023157894736842
badnets,1e-21,0.9057742947368421,1727,4406,773,0.6908,0.2815913908364585,0.4000926676705664,0.09275789473684211
badnets,1e-22,0.9057742947368421,1685,4073,815,0.674,0.292636332059743,0.4080891256962945,0.08574736842105263
badnets,1e-23,0.9057742947368421,1636,3778,864,0.6544,0.3021795345400813,0.41344452868334597,0.07953684210526316
badnets,1e-24,0.9057742947368421,1591,3484,909,0.6364,0.3134975369458128,0.42006600660066007,0.07334736842105263
badnets,1e-25,0.9057742947368421,1534,3231,966,0.6136,0.32193074501573976,0.4222986923606332,0.06802105263157894
badnets,1e-26,0.9057742947368421,1503,2981,997,0.6012,0.33519179304192687,0.43041237113402064,0.06275789473684211
badnets,1e-27,0.9057742947368421,1455,2751,1045,0.582,0.3459343794579173,0.43393975544288693,0.05791578947368421
badnets,1e-28,0.9057742947368421,1407,2531,1093,0.5628,0.35728796343321484,0.43709226467847156,0.05328421052631579
badnets,1e-29,0.9057742947368421,1363,2353,1137,0.5452,0.3667922497308934,0.43854568854568854,0.04953684210526316
badnets,1e-30,0.9057742947368421,1305,2197,1195,0.522,0.3726442033123929,0.4348550483172276,0.04625263157894737
badnets,1e-31,0.9057742947368421,1261,2034,1239,0.5044,0.382701062215478,0.43520276100086275,0.04282105263157895
badnets,1e-32,0.9057742947368421,1224,1883,1276,0.4896,0.3939491470872224,0.43659711075441415,0.039642105263157895
badnets,1e-33,0.9057742947368421,1187,1748,1313,0.4748,0.40442930153321976,0.43679852805887764,0.0368
badnets,1e-34,0.9057742947368421,1146,1613,1354,0.4584,0.4153678869155491,0.4358243011979464,0.033957894736842104
badnets,1e-35,0.9057742947368421,1112,1498,1388,0.4448,0.42605363984674327,0.4352250489236791,0.031536842105263155
badnets,1e-36,0.9057742947368421,1076,1395,1424,0.4304,0.43545123431808985,0.43291088312210824,0.02936842105263158
badnets,1e-37,0.9057742947368421,1036,1276,1464,0.4144,0.44809688581314877,0.43059019118869496,0.026863157894736842
badnets,1e-38,0.9057742947368421,1005,1167,1495,0.402,0.462707182320442,0.4302226027397261,0.02456842105263158
badnets,1e-39,0.9057742947368421,961,1084,1539,0.3844,0.4699266503667482,0.42288228822882296,0.022821052631578947
badnets,1e-40,0.9057742947368421,930,995,1570,0.372,0.4831168831168831,0.42033898305084744,0.02094736842105263
badnets,1e-41,0.9057742947368421,891,928,1609,0.3564,0.48982957669048927,0.4125955082194952,0.019536842105263158
badnets,1e-42,0.9057742947368421,855,865,1645,0.342,0.49709302325581395,0.40521327014218006,0.018210526315789472
badnets,1e-43,0.9057742947368421,826,803,1674,0.3304,0.5070595457335789,0.4000968757568419,0.016905263157894736
badnets,1e-44,0.9057742947368421,795,735,1705,0.318,0.5196078431372549,0.3945409429280397,0.015473684210526317
badnets,1e-45,0.9057742947368421,760,681,1740,0.304,0.527411519777932,0.385688911443796,0.014336842105263158
badnets,1e-46,0.9057742947368421,728,629,1772,0.2912,0.5364775239498895,0.37749546279491836,0.013242105263157895
badnets,1e-47,0.9057742947368421,694,578,1806,0.2776,0.5455974842767296,0.36797454931071055,0.012168421052631578
badnets,1e-48,0.9057742947368421,662,536,1838,0.2648,0.5525876460767947,0.35803136830719307,0.011284210526315789
badnets,1e-49,0.9057742947368421,634,490,1866,0.2536,0.5640569395017794,0.34988962472406177,0.01031578947368421
badnets,1e-50,0.9057742947368421,615,450,1885,0.246,0.5774647887323944,0.34502103786816274,0.009473684210526316
badnets,1e-51,0.9057742947368421,579,409,1921,0.2316,0.5860323886639676,0.3319954128440367,0.008610526315789473
badnets,1e-52,0.9057742947368421,554,376,1946,0.2216,0.5956989247311828,0.32303206997084544,0.007915789473684211
badnets,1e-53,0.9057742947368421,531,353,1969,0.2124,0.6006787330316742,0.3138297872340426,0.007431578947368421
badnets,1e-54,0.9057742947368421,506,316,1994,0.2024,0.6155717761557178,0.304635761589404,0.006652631578947368
badnets,1e-55,0.9057742947368421,482,297,2018,0.1928,0.6187419768934531,0.29399207075327843,0.006252631578947368
badnets,1e-56,0.9057742947368421,460,280,2040,0.184,0.6216216216216216,0.2839506172839506,0.005894736842105263
badnets,1e-57,0.9057742947368421,443,252,2057,0.1772,0.637410071942446,0.27730829420970265,0.0053052631578947365
badnets,1e-58,0.9057742947368421,428,234,2072,0.1712,0.6465256797583081,0.27071473750790637,0.004926315789473684
badnets,1e-59,0.9057742947368421,409,212,2091,0.1636,0.6586151368760065,0.2620954822172381,0.0044631578947368425
badnets,1e-60,0.9057742947368421,392,202,2108,0.1568,0.6599326599326599,0.25339366515837103,0.004252631578947368
badnets,1e-61,0.9057742947368421,368,190,2132,0.1472,0.6594982078853047,0.24068018312622627,0.004
badnets,1e-62,0.9057742947368421,339,179,2161,0.1356,0.6544401544401545,0.22465208747514911,0.003768421052631579
badnets,1e-63,0.9057742947368421,323,168,2177,0.1292,0.6578411405295316,0.21598127716482782,0.003536842105263158
badnets,1e-64,0.9057742947368421,312,161,2188,0.1248,0.6596194503171248,0.20988900100908173,0.0033894736842105264
badnets,1e-65,0.9057742947368421,299,155,2201,0.1196,0.6585903083700441,0.20243737305348677,0.003263157894736842
badnets,1e-66,0.9057742947368421,288,145,2212,0.1152,0.6651270207852193,0.19638595294919875,0.0030526315789473684
badnets,1e-67,0.9057742947368421,273,138,2227,0.1092,0.6642335766423357,0.18756441085537617,0.0029052631578947367
badnets,1e-68,0.9057742947368421,255,125,2245,0.102,0.6710526315789473,0.17708333333333331,0.002631578947368421
badnets,1e-69,0.9057742947368421,244,115,2256,0.0976,0.6796657381615598,0.1706890521161245,0.0024210526315789475
badnets,1e-70,0.9057742947368421,233,107,2267,0.0932,0.6852941176470588,0.16408450704225352,0.0022526315789473685
badnets,1e-71,0.9057742947368421,217,102,2283,0.0868,0.6802507836990596,0.15395530329904222,0.0021473684210526318
badnets,1e-72,0.9057742947368421,208,95,2292,0.0832,0.6864686468646864,0.14841241526935425,0.002
badnets,1e-73,0.9057742947368421,197,91,2303,0.0788,0.6840277777777778,0.14131994261119082,0.0019157894736842106
badnets,1e-74,0.9057742947368421,188,87,2312,0.0752,0.6836363636363636,0.1354954954954955,0.001831578947368421
badnets,1e-75,0.9057742947368421,178,83,2322,0.0712,0.6819923371647509,0.12893879029337196,0.0017473684210526316
badnets,1e-76,0.9057742947368421,171,81,2329,0.0684,0.6785714285714286,0.1242732558139535,0.0017052631578947368
badnets,1e-77,0.9057742947368421,162,75,2338,0.0648,0.6835443037974683,0.11837778589696749,0.0015789473684210526
badnets,1e-78,0.9057742947368421,150,73,2350,0.06,0.672645739910314,0.11017260374586853,0.0015368421052631579
badnets,1e-79,0.9057742947368421,144,69,2356,0.0576,0.676056338028169,0.1061555473645411,0.0014526315789473684
badnets,1e-80,0.9057742947368421,136,63,2364,0.0544,0.6834170854271356,0.10077806595035198,0.0013263157894736841
badnets,1e-81,0.9057742947368421,133,60,2367,0.0532,0.689119170984456,0.09877460081693278,0.0012631578947368421
badnets,1e-82,0.9057742947368421,127,57,2373,0.0508,0.6902173913043478,0.09463487332339791,0.0012
badnets,1e-83,0.9057742947368421,118,57,2382,0.0472,0.6742857142857143,0.08822429906542055,0.0012
badnets,1e-84,0.9057742947368421,114,55,2386,0.0456,0.6745562130177515,0.08542525290370925,0.0011578947368421054
badnets,1e-85,0.9057742947368421,104,51,2396,0.0416,0.6709677419354839,0.07834274952919021,0.0010736842105263159
badnets,1e-86,0.9057742947368421,101,50,2399,0.0404,0.6688741721854304,0.07619766125990192,0.0010526315789473684
badnets,1e-87,0.9057742947368421,94,47,2406,0.0376,0.6666666666666666,0.07118515713744794,0.0009894736842105264
badnets,1e-88,0.9057742947368421,91,45,2409,0.0364,0.6691176470588235,0.06904400606980274,0.0009473684210526315
badnets,1e-89,0.9057742947368421,85,45,2415,0.034,0.6538461538461539,0.06463878326996197,0.0009473684210526315
badnets,1e-90,0.9057742947368421,83,43,2417,0.0332,0.6587301587301587,0.06321401370906321,0.0009052631578947368
badnets,1e-91,0.9057742947368421,80,41,2420,0.032,0.6611570247933884,0.061045402518122856,0.0008631578947368422
badnets,1e-92,0.9057742947368421,76,38,2424,0.0304,0.6666666666666666,0.05814843152257077,0.0008
badnets,1e-93,0.9057742947368421,74,36,2426,0.0296,0.6727272727272727,0.05670498084291188,0.0007578947368421053
badnets,1e-94,0.9057742947368421,72,35,2428,0.0288,0.6728971962616822,0.05523590333716916,0.0007368421052631579
badnets,1e-95,0.9057742947368421,69,34,2431,0.0276,0.6699029126213593,0.053015751056473305,0.0007157894736842105
badnets,1e-96,0.9057742947368421,64,34,2436,0.0256,0.6530612244897959,0.04926866820631255,0.0007157894736842105
badnets,1e-97,0.9057742947368421,63,32,2437,0.0252,0.6631578947368421,0.04855491329479769,0.0006736842105263158
badnets,1e-98,0.9057742947368421,61,31,2439,0.0244,0.6630434782608695,0.04706790123456791,0.0006526315789473684
badnets,1e-99,0.9057742947368421,59,31,2441,0.0236,0.6555555555555556,0.04555984555984556,0.0006526315789473684
badnets,1e-100,0.9057742947368421,58,31,2442,0.0232,0.651685393258427,0.044804943993820005,0.0006526315789473684
clean_label_narcissus,1.0,0.7954713567839196,248,39015,2,0.992,0.006316379288388559,0.012552830713942247,0.7842211055276382
clean_label_narcissus,0.1,0.7954713567839196,242,31477,8,0.968,0.007629496516283615,0.015139666551972223,0.6327035175879397
clean_label_narcissus,0.01,0.7954713567839196,233,27801,17,0.932,0.008311336234572305,0.016475746004808372,0.5588140703517588
clean_label_narcissus,0.001,0.7954713567839196,222,24928,28,0.888,0.00882703777335984,0.017480314960629923,0.5010653266331658
clean_label_narcissus,0.0001,0.7954713567839196,221,22385,29,0.884,0.00977616561974697,0.01933846692334617,0.44994974874371857
clean_label_narcissus,1e-05,0.7954713567839196,210,20262,40,0.84,0.010257913247362251,0.02026831386931763,0.40727638190954774
clean_label_narcissus,1e-06,0.7954713567839196,203,18321,47,0.812,0.010958756208162383,0.021625652498135722,0.3682613065326633
clean_label_narcissus,1e-07,0.7954713567839196,194,16565,56,0.776,0.01157586968196193,0.02281145276030337,0.332964824120603
clean_label_narcissus,1e-08,0.7954713567839196,185,15085,65,0.74,0.012115258677144728,0.02384020618556701,0.30321608040201004
clean_label_narcissus,1e-09,0.7954713567839196,176,13624,74,0.704,0.012753623188405797,0.025053380782918147,0.27384924623115575
clean_label_narcissus,1e-10,0.7954713567839196,167,12288,83,0.668,0.013408269771176234,0.026288862652499016,0.24699497487437186
clean_label_narcissus,1e-11,0.7954713567839196,156,11123,94,0.624,0.013831013387711677,0.02706219099661723,0.2235778894472362
clean_label_narcissus,1e-12,0.7954713567839196,152,10095,98,0.608,0.01483360983702547,0.02896065542535963,0.2029145728643216
clean_label_narcissus,1e-13,0.7954713567839196,145,9123,105,0.58,0.015645230902028486,0.030468585837360788,0.18337688442211056
clean_label_narcissus,1e-14,0.7954713567839196,132,8285,118,0.528,0.015682547225852442,0.030460366908965034,0.16653266331658292
clean_label_narcissus,1e-15,0.7954713567839196,123,7517,127,0.492,0.016099476439790577,0.031178707224334603,0.15109547738693468
clean_label_narcissus,1e-16,0.7954713567839196,117,6799,133,0.468,0.016917293233082706,0.032654200390734016,0.13666331658291458
clean_label_narcissus,1e-17,0.7954713567839196,110,6149,140,0.44,0.01757469244288225,0.03379935473959134,0.12359798994974874
clean_label_narcissus,1e-18,0.7954713567839196,107,5603,143,0.428,0.018739054290718038,0.035906040268456375,0.11262311557788944
clean_label_narcissus,1e-19,0.7954713567839196,101,5107,149,0.404,0.019393241167434717,0.03700989373396849,0.10265326633165829
clean_label_narcissus,1e-20,0.7954713567839196,98,4665,152,0.392,0.02057526768843166,0.0390983443048075,0.09376884422110553
clean_label_narcissus,1e-21,0.7954713567839196,94,4216,156,0.376,0.021809744779582366,0.04122807017543859,0.08474371859296483
clean_label_narcissus,1e-22,0.7954713567839196,88,3828,162,0.352,0.02247191011235955,0.04224675948151704,0.07694472361809045
clean_label_narcissus,1e-23,0.7954713567839196,80,3479,170,0.32,0.022478224220286596,0.042005775794171696,0.06992964824120602
clean_label_narcissus,1e-24,0.7954713567839196,77,3140,173,0.308,0.02393534348772148,0.04441880588404961,0.06311557788944723
clean_label_narcissus,1e-25,0.7954713567839196,67,2827,183,0.268,0.023151347615756736,0.042620865139949116,0.056824120603015074
clean_label_narcissus,1e-26,0.7954713567839196,61,2585,189,0.244,0.02305366591080877,0.04212707182320443,0.051959798994974875
clean_label_narcissus,1e-27,0.7954713567839196,56,2338,194,0.224,0.023391812865497075,0.04236006051437216,0.04699497487437186
clean_label_narcissus,1e-28,0.7954713567839196,52,2117,198,0.208,0.0239741816505302,0.04299297230260438,0.04255276381909548
clean_label_narcissus,1e-29,0.7954713567839196,52,1933,198,0.208,0.02619647355163728,0.046532438478747204,0.03885427135678392
clean_label_narcissus,1e-30,0.7954713567839196,47,1759,203,0.188,0.02602436323366556,0.04571984435797666,0.03535678391959799
clean_label_narcissus,1e-31,0.7954713567839196,43,1601,207,0.172,0.026155717761557177,0.0454065469904963,0.03218090452261307
clean_label_narcissus,1e-32,0.7954713567839196,37,1451,213,0.148,0.02486559139784946,0.042577675489067886,0.02916582914572864
clean_label_narcissus,1e-33,0.7954713567839196,33,1314,217,0.132,0.024498886414253896,0.04132748904195366,0.02641206030150754
clean_label_narcissus,1e-34,0.7954713567839196,32,1190,218,0.128,0.02618657937806874,0.04347826086956522,0.023919597989949748
clean_label_narcissus,1e-35,0.7954713567839196,30,1080,220,0.12,0.02702702702702703,0.04411764705882353,0.021708542713567838
clean_label_narcissus,1e-36,0.7954713567839196,28,974,222,0.112,0.027944111776447105,0.04472843450479233,0.01957788944723618
clean_label_narcissus,1e-37,0.7954713567839196,25,893,225,0.1,0.027233115468409588,0.04280821917808219,0.01794974874371859
clean_label_narcissus,1e-38,0.7954713567839196,23,815,227,0.092,0.027446300715990454,0.042279411764705885,0.016381909547738695
clean_label_narcissus,1e-39,0.7954713567839196,22,749,228,0.088,0.028534370946822308,0.043095004897159644,0.015055276381909549
clean_label_narcissus,1e-40,0.7954713567839196,20,686,230,0.08,0.028328611898016998,0.041841004184100423,0.01378894472361809
clean_label_narcissus,1e-41,0.7954713567839196,18,645,232,0.072,0.027149321266968326,0.03943044906900329,0.012964824120603015
clean_label_narcissus,1e-42,0.7954713567839196,18,596,232,0.072,0.029315960912052116,0.041666666666666664,0.011979899497487437
clean_label_narcissus,1e-43,0.7954713567839196,16,540,234,0.064,0.02877697841726619,0.03970223325062035,0.010854271356783919
clean_label_narcissus,1e-44,0.7954713567839196,13,478,237,0.052,0.026476578411405296,0.03508771929824561,0.009608040201005025
clean_label_narcissus,1e-45,0.7954713567839196,10,439,240,0.04,0.022271714922048998,0.02861230329041488,0.008824120603015075
clean_label_narcissus,1e-46,0.7954713567839196,9,403,241,0.036,0.021844660194174758,0.027190332326283987,0.008100502512562814
clean_label_narcissus,1e-47,0.7954713567839196,9,373,241,0.036,0.02356020942408377,0.028481012658227844,0.0074974874371859295
clean_label_narcissus,1e-48,0.7954713567839196,9,344,241,0.036,0.025495750708215296,0.029850746268656716,0.006914572864321608
clean_label_narcissus,1e-49,0.7954713567839196,9,315,241,0.036,0.027777777777777776,0.0313588850174216,0.006331658291457287
clean_label_narcissus,1e-50,0.7954713567839196,9,287,241,0.036,0.030405405405405407,0.03296703296703297,0.0057688442211055275
clean_label_narcissus,1e-51,0.7954713567839196,9,264,241,0.036,0.03296703296703297,0.03441682600382409,0.005306532663316583
clean_label_narcissus,1e-52,0.7954713567839196,9,241,241,0.036,0.036,0.036,0.004844221105527638
clean_label_narcissus,1e-53,0.7954713567839196,9,225,241,0.036,0.038461538461538464,0.03719008264462809,0.004522613065326633
clean_label_narcissus,1e-54,0.7954713567839196,9,205,241,0.036,0.04205607476635514,0.03879310344827586,0.004120603015075377
clean_label_narcissus,1e-55,0.7954713567839196,9,183,241,0.036,0.046875,0.04072398190045248,0.003678391959798995
clean_label_narcissus,1e-56,0.7954713567839196,9,163,241,0.036,0.05232558139534884,0.042654028436018954,0.003276381909547739
clean_label_narcissus,1e-57,0.7954713567839196,9,149,241,0.036,0.056962025316455694,0.044117647058823525,0.0029949748743718593
clean_label_narcissus,1e-58,0.7954713567839196,8,139,242,0.032,0.05442176870748299,0.04030226700251889,0.002793969849246231
clean_label_narcissus,1e-59,0.7954713567839196,8,132,242,0.032,0.05714285714285714,0.041025641025641026,0.0026532663316582916
clean_label_narcissus,1e-60,0.7954713567839196,8,128,242,0.032,0.058823529411764705,0.04145077720207254,0.0025728643216080403
clean_label_narcissus,1e-61,0.7954713567839196,8,121,242,0.032,0.06201550387596899,0.04221635883905013,0.0024321608040201005
clean_label_narcissus,1e-62,0.7954713567839196,7,107,243,0.028,0.06140350877192982,0.038461538461538464,0.002150753768844221
clean_label_narcissus,1e-63,0.7954713567839196,6,101,244,0.024,0.056074766355140186,0.03361344537815126,0.0020301507537688443
clean_label_narcissus,1e-64,0.7954713567839196,5,94,245,0.02,0.050505050505050504,0.02865329512893983,0.0018894472361809045
clean_label_narcissus,1e-65,0.7954713567839196,5,86,245,0.02,0.054945054945054944,0.029325513196480937,0.001728643216080402
clean_label_narcissus,1e-66,0.7954713567839196,5,80,245,0.02,0.058823529411764705,0.02985074626865672,0.0016080402010050252
clean_label_narcissus,1e-67,0.7954713567839196,4,76,246,0.016,0.05,0.024242424242424242,0.001527638190954774
clean_label_narcissus,1e-68,0.7954713567839196,4,73,246,0.016,0.05194805194805195,0.024464831804281346,0.0014673366834170854
clean_label_narcissus,1e-69,0.7954713567839196,4,73,246,0.016,0.05194805194805195,0.024464831804281346,0.0014673366834170854
clean_label_narcissus,1e-70,0.7954713567839196,4,72,246,0.016,0.05263157894736842,0.024539877300613498,0.0014472361809045227
clean_label_narcissus,1e-71,0.7954713567839196,3,69,247,0.012,0.041666666666666664,0.018633540372670808,0.0013869346733668341
clean_label_narcissus,1e-72,0.7954713567839196,3,65,247,0.012,0.04411764705882353,0.018867924528301886,0.0013065326633165829
clean_label_narcissus,1e-73,0.7954713567839196,3,62,247,0.012,0.046153846153846156,0.01904761904761905,0.0012462311557788945
clean_label_narcissus,1e-74,0.7954713567839196,3,59,247,0.012,0.04838709677419355,0.019230769230769232,0.001185929648241206
clean_label_narcissus,1e-75,0.7954713567839196,3,51,247,0.012,0.05555555555555555,0.01973684210526316,0.0010251256281407035
clean_label_narcissus,1e-76,0.7954713567839196,3,50,247,0.012,0.05660377358490566,0.019801980198019806,0.0010050251256281408
clean_label_narcissus,1e-77,0.7954713567839196,3,50,247,0.012,0.05660377358490566,0.019801980198019806,0.0010050251256281408
clean_label_narcissus,1e-78,0.7954713567839196,3,49,247,0.012,0.057692307692307696,0.019867549668874173,0.0009849246231155779
clean_label_narcissus,1e-79,0.7954713567839196,3,48,247,0.012,0.058823529411764705,0.01993355481727575,0.0009648241206030151
clean_label_narcissus,1e-80,0.7954713567839196,3,47,247,0.012,0.06,0.02,0.0009447236180904523
clean_label_narcissus,1e-81,0.7954713567839196,3,46,247,0.012,0.061224489795918366,0.020066889632107024,0.0009246231155778894
clean_label_narcissus,1e-82,0.7954713567839196,3,46,247,0.012,0.061224489795918366,0.020066889632107024,0.0009246231155778894
clean_label_narcissus,1e-83,0.7954713567839196,3,45,247,0.012,0.0625,0.020134228187919465,0.0009045226130653266
clean_label_narcissus,1e-84,0.7954713567839196,3,45,247,0.012,0.0625,0.020134228187919465,0.0009045226130653266
clean_label_narcissus,1e-85,0.7954713567839196,3,43,247,0.012,0.06521739130434782,0.02027027027027027,0.000864321608040201
clean_label_narcissus,1e-86,0.7954713567839196,3,39,247,0.012,0.07142857142857142,0.020547945205479454,0.0007839195979899498
clean_label_narcissus,1e-87,0.7954713567839196,3,39,247,0.012,0.07142857142857142,0.020547945205479454,0.0007839195979899498
clean_label_narcissus,1e-88,0.7954713567839196,2,38,248,0.008,0.05,0.013793103448275862,0.000763819095477387
clean_label_narcissus,1e-89,0.7954713567839196,1,37,249,0.004,0.02631578947368421,0.006944444444444444,0.0007437185929648241
clean_label_narcissus,1e-90,0.7954713567839196,1,36,249,0.004,0.02702702702702703,0.006968641114982579,0.0007236180904522613
clean_label_narcissus,1e-91,0.7954713567839196,1,35,249,0.004,0.027777777777777776,0.006993006993006992,0.0007035175879396985
clean_label_narcissus,1e-92,0.7954713567839196,1,33,249,0.004,0.029411764705882353,0.007042253521126762,0.0006633165829145729
clean_label_narcissus,1e-93,0.7954713567839196,1,33,249,0.004,0.029411764705882353,0.007042253521126762,0.0006633165829145729
clean_label_narcissus,1e-94,0.7954713567839196,1,33,249,0.004,0.029411764705882353,0.007042253521126762,0.0006633165829145729
clean_label_narcissus,1e-95,0.7954713567839196,0,33,250,0.0,0.0,0.0,0.0006633165829145729
clean_label_narcissus,1e-96,0.7954713567839196,0,33,250,0.0,0.0,0.0,0.0006633165829145729
clean_label_narcissus,1e-97,0.7954713567839196,0,33,250,0.0,0.0,0.0,0.0006633165829145729
clean_label_narcissus,1e-98,0.7954713567839196,0,29,250,0.0,0.0,0.0,0.0005829145728643216
clean_label_narcissus,1e-99,0.7954713567839196,0,29,250,0.0,0.0,0.0,0.0005829145728643216
clean_label_narcissus,1e-100,0.7954713567839196,0,29,250,0.0,0.0,0.0,0.0005829145728643216
ctrl,1.0,0.69433583919598,238,39151,12,0.952,0.006042296072507553,0.012008375589697015,0.7869547738693468
ctrl,0.1,0.69433583919598,222,32622,28,0.888,0.006759225429302155,0.013416329243971716,0.6557185929648242
ctrl,0.01,0.69433583919598,218,29531,32,0.872,0.007327977411005412,0.014533817793926465,0.5935879396984924
ctrl,0.001,0.69433583919598,203,27165,47,0.812,0.007417421806489331,0.014700557607357521,0.5460301507537688
ctrl,0.0001,0.69433583919598,191,25091,59,0.764,0.007554782058381457,0.014961616794610685,0.5043417085427135
ctrl,1e-05,0.69433583919598,185,23259,65,0.74,0.00789114485582665,0.015615767704904193,0.4675175879396985
ctrl,1e-06,0.69433583919598,179,21625,71,0.716,0.008209502843514951,0.016232882923732657,0.43467336683417085
ctrl,1e-07,0.69433583919598,173,20111,77,0.692,0.008528889765332281,0.016850102269406836,0.40424120603015073
ctrl,1e-08,0.69433583919598,168,18714,82,0.672,0.008897362567524627,0.017562199456408113,0.3761608040201005
ctrl,1e-09,0.69433583919598,162,17477,88,0.648,0.00918419411531266,0.01811168874727486,0.3512964824120603
ctrl,1e-10,0.69433583919598,155,16354,95,0.62,0.00938881822036465,0.018497523718598963,0.32872361809045225
ctrl,1e-11,0.69433583919598,151,15238,99,0.604,0.009812203521996231,0.01931069761493702,0.30629145728643214
ctrl,1e-12,0.69433583919598,147,14188,103,0.588,0.010254621555633066,0.020157696263284196,0.2851859296482412
ctrl,1e-13,0.69433583919598,140,13276,110,0.56,0.010435301132975552,0.02048880433191863,0.2668542713567839
ctrl,1e-14,0.69433583919598,126,12417,124,0.504,0.010045443673762257,0.01969827249276948,0.24958793969849247
ctrl,1e-15,0.69433583919598,118,11619,132,0.472,0.0100536764079407,0.019687995328272295,0.23354773869346734
ctrl,1e-16,0.69433583919598,115,10873,135,0.46,0.01046596286858391,0.020466275137924896,0.21855276381909547
ctrl,1e-17,0.69433583919598,106,10183,144,0.424,0.010302264554378462,0.020115760508587155,0.20468341708542714
ctrl,1e-18,0.69433583919598,102,9542,148,0.408,0.010576524263790958,0.020618556701030927,0.19179899497487438
ctrl,1e-19,0.69433583919598,97,8905,153,0.388,0.010775383248167073,0.020968439256376998,0.17899497487437185
ctrl,1e-20,0.69433583919598,91,8357,159,0.364,0.010771780303030304,0.02092435042538515,0.16797989949748743
ctrl,1e-21,0.69433583919598,87,7837,163,0.348,0.010979303382130236,0.02128700758502569,0.15752763819095478
ctrl,1e-22,0.69433583919598,78,7354,172,0.312,0.010495156081808395,0.02030721166362926,0.14781909547738695
ctrl,1e-23,0.69433583919598,75,6894,175,0.3,0.01076194575979337,0.0207785011774484,0.13857286432160804
ctrl,1e-24,0.69433583919598,73,6442,177,0.292,0.011204911742133538,0.021581670362158165,0.12948743718592964
ctrl,1e-25,0.69433583919598,71,5997,179,0.284,0.011700725115359262,0.02247546691991137,0.1205427135678392
ctrl,1e-26,0.69433583919598,68,5643,182,0.272,0.011906846436701103,0.022814963932226137,0.11342713567839197
ctrl,1e-27,0.69433583919598,65,5304,185,0.26,0.012106537530266344,0.02313578928634988,0.10661306532663317
ctrl,1e-28,0.69433583919598,61,4953,189,0.244,0.012165935380933387,0.023176291793313066,0.09955778894472361
ctrl,1e-29,0.69433583919598,58,4638,192,0.232,0.012350936967632026,0.023453295592397894,0.09322613065326633
ctrl,1e-30,0.69433583919598,54,4341,196,0.216,0.012286689419795221,0.0232508073196986,0.08725628140703517
ctrl,1e-31,0.69433583919598,50,4066,200,0.2,0.012147716229348883,0.02290426019239579,0.08172864321608041
ctrl,1e-32,0.69433583919598,46,3811,204,0.184,0.011926367643246047,0.022400779157535914,0.07660301507537688
ctrl,1e-33,0.69433583919598,41,3574,209,0.164,0.011341632088520055,0.021216041397153947,0.0718391959798995
ctrl,1e-34,0.69433583919598,37,3319,213,0.148,0.01102502979737783,0.020521353300055462,0.06671356783919598
ctrl,1e-35,0.69433583919598,36,3103,214,0.144,0.011468620579802484,0.021245205075243433,0.06237185929648241
ctrl,1e-36,0.69433583919598,35,2898,215,0.14,0.011933174224343675,0.021991831605403706,0.05825125628140704
ctrl,1e-37,0.69433583919598,32,2715,218,0.128,0.011649071714597743,0.021354688021354686,0.05457286432160804
ctrl,1e-38,0.69433583919598,32,2520,218,0.128,0.012539184952978056,0.022840827980014272,0.05065326633165829
ctrl,1e-39,0.69433583919598,32,2334,218,0.128,0.013524936601859678,0.024464831804281342,0.04691457286432161
ctrl,1e-40,0.69433583919598,31,2171,219,0.124,0.01407811080835604,0.025285481239804244,0.04363819095477387
ctrl,1e-41,0.69433583919598,30,2031,220,0.12,0.01455604075691412,0.025962786672436174,0.040824120603015074
ctrl,1e-42,0.69433583919598,28,1876,222,0.112,0.014705882352941176,0.025998142989786446,0.03770854271356784
ctrl,1e-43,0.69433583919598,26,1760,224,0.104,0.014557670772676373,0.025540275049115914,0.03537688442211055
ctrl,1e-44,0.69433583919598,24,1631,226,0.096,0.014501510574018127,0.025196850393700787,0.03278391959798995
ctrl,1e-45,0.69433583919598,20,1527,230,0.08,0.012928248222365869,0.022259321090706736,0.030693467336683416
ctrl,1e-46,0.69433583919598,19,1425,231,0.076,0.013157894736842105,0.022432113341204252,0.02864321608040201
ctrl,1e-47,0.69433583919598,16,1314,234,0.064,0.012030075187969926,0.02025316455696203,0.02641206030150754
ctrl,1e-48,0.69433583919598,16,1224,234,0.064,0.012903225806451613,0.021476510067114093,0.024603015075376884
ctrl,1e-49,0.69433583919598,14,1159,236,0.056,0.011935208866155157,0.019676739283204497,0.023296482412060303
ctrl,1e-50,0.69433583919598,12,1077,238,0.048,0.011019283746556474,0.017923823749066467,0.02164824120603015
ctrl,1e-51,0.69433583919598,12,1001,238,0.048,0.011846001974333662,0.01900237529691211,0.020120603015075376
ctrl,1e-52,0.69433583919598,12,936,238,0.048,0.012658227848101266,0.020033388981636063,0.018814070351758794
ctrl,1e-53,0.69433583919598,12,857,238,0.048,0.01380897583429229,0.021447721179624665,0.017226130653266333
ctrl,1e-54,0.69433583919598,11,805,239,0.044,0.013480392156862746,0.020637898686679174,0.016180904522613067
ctrl,1e-55,0.69433583919598,11,758,239,0.044,0.014304291287386216,0.02158979391560353,0.015236180904522613
ctrl,1e-56,0.69433583919598,11,707,239,0.044,0.01532033426183844,0.022727272727272728,0.014211055276381909
ctrl,1e-57,0.69433583919598,11,659,239,0.044,0.016417910447761194,0.023913043478260867,0.013246231155778894
ctrl,1e-58,0.69433583919598,10,622,240,0.04,0.015822784810126583,0.022675736961451247,0.01250251256281407
ctrl,1e-59,0.69433583919598,8,578,242,0.032,0.013651877133105802,0.019138755980861243,0.011618090452261306
ctrl,1e-60,0.69433583919598,7,550,243,0.028,0.012567324955116697,0.01734820322180917,0.011055276381909548
ctrl,1e-61,0.69433583919598,7,517,243,0.028,0.013358778625954198,0.01808785529715762,0.010391959798994975
ctrl,1e-62,0.69433583919598,6,474,244,0.024,0.0125,0.01643835616438356,0.009527638190954774
ctrl,1e-63,0.69433583919598,6,442,244,0.024,0.013392857142857142,0.017191977077363894,0.008884422110552764
ctrl,1e-64,0.69433583919598,6,420,244,0.024,0.014084507042253521,0.017751479289940825,0.008442211055276382
ctrl,1e-65,0.69433583919598,6,382,244,0.024,0.015463917525773196,0.018808777429467086,0.007678391959798995
ctrl,1e-66,0.69433583919598,6,363,244,0.024,0.016260162601626018,0.019386106623586433,0.007296482412060302
ctrl,1e-67,0.69433583919598,6,349,244,0.024,0.016901408450704224,0.01983471074380165,0.007015075376884422
ctrl,1e-68,0.69433583919598,6,324,244,0.024,0.01818181818181818,0.020689655172413793,0.0065125628140703514
ctrl,1e-69,0.69433583919598,6,304,244,0.024,0.01935483870967742,0.02142857142857143,0.006110552763819096
ctrl,1e-70,0.69433583919598,6,286,244,0.024,0.02054794520547945,0.02214022140221402,0.005748743718592965
ctrl,1e-71,0.69433583919598,5,265,245,0.02,0.018518518518518517,0.01923076923076923,0.0053266331658291454
ctrl,1e-72,0.69433583919598,5,245,245,0.02,0.02,0.02,0.00492462311557789
ctrl,1e-73,0.69433583919598,5,226,245,0.02,0.021645021645021644,0.02079002079002079,0.004542713567839196
ctrl,1e-74,0.69433583919598,5,206,245,0.02,0.023696682464454975,0.021691973969631236,0.0041407035175879394
ctrl,1e-75,0.69433583919598,4,193,246,0.016,0.02030456852791878,0.017897091722595078,0.003879396984924623
ctrl,1e-76,0.69433583919598,4,183,246,0.016,0.0213903743315508,0.018306636155606404,0.003678391959798995
ctrl,1e-77,0.69433583919598,4,169,246,0.016,0.023121387283236993,0.01891252955082742,0.0033969849246231155
ctrl,1e-78,0.69433583919598,4,161,246,0.016,0.024242424242424242,0.019277108433734938,0.003236180904522613
ctrl,1e-79,0.69433583919598,4,156,246,0.016,0.025,0.01951219512195122,0.003135678391959799
ctrl,1e-80,0.69433583919598,4,151,246,0.016,0.025806451612903226,0.019753086419753086,0.003035175879396985
ctrl,1e-81,0.69433583919598,4,143,246,0.016,0.027210884353741496,0.020151133501259445,0.0028743718592964826
ctrl,1e-82,0.69433583919598,4,133,246,0.016,0.029197080291970802,0.020671834625323,0.0026733668341708543
ctrl,1e-83,0.69433583919598,3,118,247,0.012,0.024793388429752067,0.016172506738544475,0.002371859296482412
ctrl,1e-84,0.69433583919598,3,112,247,0.012,0.02608695652173913,0.01643835616438356,0.0022512562814070354
ctrl,1e-85,0.69433583919598,3,108,247,0.012,0.02702702702702703,0.016620498614958453,0.002170854271356784
ctrl,1e-86,0.69433583919598,3,97,247,0.012,0.03,0.017142857142857144,0.001949748743718593
ctrl,1e-87,0.69433583919598,3,91,247,0.012,0.031914893617021274,0.01744186046511628,0.001829145728643216
ctrl,1e-88,0.69433583919598,3,85,247,0.012,0.03409090909090909,0.01775147928994083,0.001708542713567839
ctrl,1e-89,0.69433583919598,2,80,248,0.008,0.024390243902439025,0.012048192771084338,0.0016080402010050252
ctrl,1e-90,0.69433583919598,2,76,248,0.008,0.02564102564102564,0.012195121951219513,0.001527638190954774
ctrl,1e-91,0.69433583919598,2,71,248,0.008,0.0273972602739726,0.012383900928792569,0.0014271356783919597
ctrl,1e-92,0.69433583919598,2,69,248,0.008,0.028169014084507043,0.012461059190031154,0.0013869346733668341
ctrl,1e-93,0.69433583919598,2,68,248,0.008,0.02857142857142857,0.012499999999999999,0.0013668341708542714
ctrl,1e-94,0.69433583919598,2,66,248,0.008,0.029411764705882353,0.012578616352201259,0.0013266331658291458
ctrl,1e-95,0.69433583919598,2,61,248,0.008,0.031746031746031744,0.012779552715654952,0.0012261306532663316
ctrl,1e-96,0.69433583919598,2,58,248,0.008,0.03333333333333333,0.012903225806451613,0.0011658291457286433
ctrl,1e-97,0.69433583919598,2,55,248,0.008,0.03508771929824561,0.013029315960912051,0.0011055276381909548
ctrl,1e-98,0.69433583919598,2,51,248,0.008,0.03773584905660377,0.013201320132013203,0.0010251256281407035
ctrl,1e-99,0.69433583919598,2,48,248,0.008,0.04,0.013333333333333334,0.0009648241206030151
ctrl,1e-100,0.69433583919598,2,45,248,0.008,0.0425531914893617,0.01346801346801347,0.0009045226130653266
flipping_label,1.0,0.8234446633165828,246,39046,4,0.984,0.006260816451185992,0.012442466238430022,0.7848442211055277
flipping_label,0.1,0.8234446633165828,240,32582,10,0.96,0.0073121686673572606,0.01451378809869376,0.6549145728643216
flipping_label,0.01,0.8234446633165828,240,29429,10,0.96,0.008089251407192693,0.01604331695578061,0.5915376884422111
flipping_label,0.001,0.8234446633165828,235,26968,15,0.94,0.008638753078704554,0.01712016901613667,0.5420703517587939
flipping_label,0.0001,0.8234446633165828,228,24882,22,0.912,0.00908004778972521,0.01798107255520505,0.500140703517588
flipping_label,1e-05,0.8234446633165828,225,23081,25,0.9,0.009654166309104952,0.019103413143148246,0.4639396984924623
flipping_label,1e-06,0.8234446633165828,221,21418,29,0.884,0.01021304126808078,0.02019279089953858,0.43051256281407035
flipping_label,1e-07,0.8234446633165828,214,19942,36,0.856,0.010617185949593173,0.020974223267666372,0.40084422110552764
flipping_label,1e-08,0.8234446633165828,212,18564,38,0.848,0.011291009799744355,0.022285293808472616,0.3731457286432161
flipping_label,1e-09,0.8234446633165828,207,17357,43,0.828,0.011785470280118424,0.023240148198046477,0.34888442211055276
flipping_label,1e-10,0.8234446633165828,201,16223,49,0.804,0.012238188017535314,0.024109391867578267,0.3260904522613065
flipping_label,1e-11,0.8234446633165828,198,15212,52,0.792,0.012848799480856586,0.02528735632183908,0.3057688442211055
flipping_label,1e-12,0.8234446633165828,197,14280,53,0.788,0.013607791669544796,0.02675358185645413,0.287035175879397
flipping_label,1e-13,0.8234446633165828,192,13425,58,0.768,0.014100022031284423,0.027691642027835865,0.2698492462311558
flipping_label,1e-14,0.8234446633165828,188,12592,62,0.752,0.014710485133020344,0.028856485034535688,0.25310552763819094
flipping_label,1e-15,0.8234446633165828,183,11839,67,0.732,0.015222092829812012,0.029823989569752282,0.23796984924623116
flipping_label,1e-16,0.8234446633165828,176,11106,74,0.704,0.015600070909413224,0.030523759972251128,0.2232361809045226
flipping_label,1e-17,0.8234446633165828,173,10406,77,0.692,0.01635315247187825,0.031951242035275655,0.20916582914572865
flipping_label,1e-18,0.8234446633165828,171,9777,79,0.684,0.01718938480096502,0.03353598744851932,0.19652261306532665
flipping_label,1e-19,0.8234446633165828,167,9180,83,0.668,0.017866695196319674,0.03480254246118579,0.18452261306532663
flipping_label,1e-20,0.8234446633165828,163,8646,87,0.652,0.018503802928822796,0.035986311954961915,0.17378894472361808
flipping_label,1e-21,0.8234446633165828,160,8135,90,0.64,0.019288728149487643,0.037448800468110006,0.1635175879396985
flipping_label,1e-22,0.8234446633165828,156,7683,94,0.624,0.01990049751243781,0.038570898751390775,0.1544321608040201
flipping_label,1e-23,0.8234446633165828,151,7272,99,0.604,0.02034217971170686,0.03935879056431644,0.1461708542713568
flipping_label,1e-24,0.8234446633165828,148,6876,102,0.592,0.021070615034168565,0.040692878746219414,0.13821105527638192
flipping_label,1e-25,0.8234446633165828,146,6492,104,0.584,0.021994576679722808,0.042392566782810684,0.13049246231155778
flipping_label,1e-26,0.8234446633165828,141,6101,109,0.564,0.022588913809676387,0.04343807763401109,0.12263316582914573
flipping_label,1e-27,0.8234446633165828,137,5758,113,0.548,0.023240033927056827,0.04458909682668836,0.11573869346733669
flipping_label,1e-28,0.8234446633165828,130,5457,120,0.52,0.02326830141399678,0.044543429844097995,0.10968844221105528
flipping_label,1e-29,0.8234446633165828,124,5133,126,0.496,0.023587597489062202,0.045033593608135095,0.10317587939698493
flipping_label,1e-30,0.8234446633165828,120,4863,130,0.48,0.024081878386514148,0.045862793808522845,0.09774874371859296
flipping_label,1e-31,0.8234446633165828,112,4612,138,0.448,0.023708721422523286,0.04503417772416567,0.0927035175879397
flipping_label,1e-32,0.8234446633165828,107,4358,143,0.428,0.023964165733482642,0.04538706256627783,0.08759798994974874
flipping_label,1e-33,0.8234446633165828,105,4116,145,0.42,0.024875621890547265,0.046969358085439505,0.08273366834170855
flipping_label,1e-34,0.8234446633165828,102,3901,148,0.408,0.02548088933300025,0.04796614154714319,0.07841206030150753
flipping_label,1e-35,0.8234446633165828,96,3676,154,0.384,0.02545068928950159,0.047737444057682744,0.0738894472361809
flipping_label,1e-36,0.8234446633165828,95,3472,155,0.38,0.026633024950939166,0.04977731202515064,0.06978894472361809
flipping_label,1e-37,0.8234446633165828,93,3271,157,0.372,0.027645659928656363,0.051466519092418374,0.06574874371859296
flipping_label,1e-38,0.8234446633165828,92,3106,158,0.368,0.028767979987492184,0.05336426914153133,0.0624321608040201
flipping_label,1e-39,0.8234446633165828,91,2955,159,0.364,0.029875246224556794,0.05521844660194175,0.059396984924623114
flipping_label,1e-40,0.8234446633165828,90,2783,160,0.36,0.03132613992342499,0.05763688760806917,0.05593969849246231
flipping_label,1e-41,0.8234446633165828,84,2616,166,0.336,0.03111111111111111,0.056949152542372886,0.05258291457286432
flipping_label,1e-42,0.8234446633165828,83,2484,167,0.332,0.032333463186599146,0.05892793752218673,0.04992964824120603
flipping_label,1e-43,0.8234446633165828,78,2345,172,0.312,0.03219149814279818,0.05836139169472502,0.0471356783919598
flipping_label,1e-44,0.8234446633165828,74,2216,176,0.296,0.032314410480349345,0.05826771653543307,0.0445427135678392
flipping_label,1e-45,0.8234446633165828,73,2087,177,0.292,0.033796296296296297,0.060580912863070546,0.041949748743718596
flipping_label,1e-46,0.8234446633165828,72,1977,178,0.288,0.03513909224011713,0.0626359286646368,0.03973869346733668
flipping_label,1e-47,0.8234446633165828,71,1882,179,0.284,0.03635432667690732,0.06445755787562414,0.03782914572864322
flipping_label,1e-48,0.8234446633165828,69,1793,181,0.276,0.03705692803437164,0.06534090909090909,0.03604020100502513
flipping_label,1e-49,0.8234446633165828,67,1692,183,0.268,0.03808982376350199,0.06669985067197612,0.03401005025125628
flipping_label,1e-50,0.8234446633165828,66,1606,184,0.264,0.039473684210526314,0.06867845993756504,0.03228140703517588
flipping_label,1e-51,0.8234446633165828,62,1529,188,0.248,0.03896920175989944,0.06735469853340577,0.030733668341708542
flipping_label,1e-52,0.8234446633165828,60,1461,190,0.24,0.03944773175542406,0.06775832862789385,0.029366834170854273
flipping_label,1e-53,0.8234446633165828,57,1378,193,0.228,0.0397212543554007,0.06765578635014836,0.02769849246231156
flipping_label,1e-54,0.8234446633165828,56,1303,194,0.224,0.041206769683590876,0.06960845245494096,0.026190954773869346
flipping_label,1e-55,0.8234446633165828,55,1234,195,0.22,0.04266873545384019,0.07147498375568552,0.024804020100502512
flipping_label,1e-56,0.8234446633165828,55,1178,195,0.22,0.04460665044606651,0.074173971679029,0.023678391959798994
flipping_label,1e-57,0.8234446633165828,55,1115,195,0.22,0.04700854700854701,0.07746478873239435,0.02241206030150754
flipping_label,1e-58,0.8234446633165828,54,1076,196,0.216,0.047787610619469026,0.07826086956521738,0.02162814070351759
flipping_label,1e-59,0.8234446633165828,53,1016,197,0.212,0.04957904583723106,0.0803639120545868,0.020422110552763818
flipping_label,1e-60,0.8234446633165828,49,968,201,0.196,0.048180924287118974,0.07734806629834254,0.019457286432160804
flipping_label,1e-61,0.8234446633165828,49,925,201,0.196,0.050308008213552365,0.08006535947712419,0.0185929648241206
flipping_label,1e-62,0.8234446633165828,48,877,202,0.192,0.05189189189189189,0.08170212765957446,0.01762814070351759
flipping_label,1e-63,0.8234446633165828,46,831,204,0.184,0.052451539338654506,0.08163265306122448,0.016703517587939698
flipping_label,1e-64,0.8234446633165828,42,790,208,0.168,0.05048076923076923,0.07763401109057301,0.01587939698492462
flipping_label,1e-65,0.8234446633165828,42,760,208,0.168,0.05236907730673317,0.07984790874524716,0.01527638190954774
flipping_label,1e-66,0.8234446633165828,41,712,209,0.164,0.05444887118193891,0.08175473579262213,0.014311557788944723
flipping_label,1e-67,0.8234446633165828,39,677,211,0.156,0.05446927374301676,0.08074534161490682,0.013608040201005025
flipping_label,1e-68,0.8234446633165828,34,646,216,0.136,0.05,0.07311827956989247,0.012984924623115578
flipping_label,1e-69,0.8234446633165828,31,612,219,0.124,0.04821150855365474,0.0694288913773796,0.012301507537688442
flipping_label,1e-70,0.8234446633165828,28,591,222,0.112,0.045234248788368334,0.06444188722669734,0.011879396984924623
flipping_label,1e-71,0.8234446633165828,25,562,225,0.1,0.04258943781942078,0.05973715651135005,0.0112964824120603
flipping_label,1e-72,0.8234446633165828,24,543,226,0.096,0.042328042328042326,0.05875152998776009,0.010914572864321608
flipping_label,1e-73,0.8234446633165828,23,515,227,0.092,0.04275092936802974,0.0583756345177665,0.010351758793969849
flipping_label,1e-74,0.8234446633165828,22,492,228,0.088,0.042801556420233464,0.05759162303664922,0.009889447236180904
flipping_label,1e-75,0.8234446633165828,22,464,228,0.088,0.04526748971193416,0.059782608695652176,0.009326633165829146
flipping_label,1e-76,0.8234446633165828,21,446,229,0.084,0.044967880085653104,0.05857740585774059,0.008964824120603015
flipping_label,1e-77,0.8234446633165828,19,430,231,0.076,0.042316258351893093,0.05436337625178827,0.00864321608040201
flipping_label,1e-78,0.8234446633165828,16,401,234,0.064,0.03836930455635491,0.047976011994003,0.008060301507537688
flipping_label,1e-79,0.8234446633165828,16,384,234,0.064,0.04,0.04923076923076923,0.007718592964824121
flipping_label,1e-80,0.8234446633165828,15,362,235,0.06,0.03978779840848806,0.04784688995215311,0.0072763819095477385
flipping_label,1e-81,0.8234446633165828,15,343,235,0.06,0.04189944134078212,0.049342105263157895,0.006894472361809045
flipping_label,1e-82,0.8234446633165828,13,330,237,0.052,0.037900874635568516,0.04384485666104554,0.0066331658291457285
flipping_label,1e-83,0.8234446633165828,12,320,238,0.048,0.03614457831325301,0.041237113402061855,0.006432160804020101
flipping_label,1e-84,0.8234446633165828,11,308,239,0.044,0.034482758620689655,0.03866432337434095,0.0061909547738693465
flipping_label,1e-85,0.8234446633165828,11,296,239,0.044,0.035830618892508145,0.03949730700179533,0.005949748743718593
flipping_label,1e-86,0.8234446633165828,10,283,240,0.04,0.034129692832764506,0.036832412523020254,0.005688442211055277
flipping_label,1e-87,0.8234446633165828,9,276,241,0.036,0.031578947368421054,0.03364485981308411,0.0055477386934673365
flipping_label,1e-88,0.8234446633165828,9,264,241,0.036,0.03296703296703297,0.03441682600382409,0.005306532663316583
flipping_label,1e-89,0.8234446633165828,9,257,241,0.036,0.03383458646616541,0.03488372093023255,0.005165829145728643
flipping_label,1e-90,0.8234446633165828,9,251,241,0.036,0.03461538461538462,0.03529411764705882,0.005045226130653267
flipping_label,1e-91,0.8234446633165828,9,245,241,0.036,0.03543307086614173,0.03571428571428571,0.00492462311557789
flipping_label,1e-92,0.8234446633165828,9,235,241,0.036,0.036885245901639344,0.03643724696356275,0.004723618090452261
flipping_label,1e-93,0.8234446633165828,9,223,241,0.036,0.03879310344827586,0.03734439834024896,0.0044824120603015076
flipping_label,1e-94,0.8234446633165828,9,213,241,0.036,0.04054054054054054,0.03813559322033898,0.00428140703517588
flipping_label,1e-95,0.8234446633165828,8,208,242,0.032,0.037037037037037035,0.034334763948497854,0.004180904522613066
flipping_label,1e-96,0.8234446633165828,7,200,243,0.028,0.033816425120772944,0.03063457330415755,0.004020100502512563
flipping_label,1e-97,0.8234446633165828,7,192,243,0.028,0.035175879396984924,0.031180400890868598,0.0038592964824120603
flipping_label,1e-98,0.8234446633165828,6,186,244,0.024,0.03125,0.027149321266968326,0.003738693467336683
flipping_label,1e-99,0.8234446633165828,6,179,244,0.024,0.032432432432432434,0.027586206896551727,0.003597989949748744
flipping_label,1e-100,0.8234446633165828,5,173,245,0.02,0.028089887640449437,0.02336448598130841,0.0034773869346733668
inputaware,1.0,0.9198023410526316,2500,36716,0,1.0,0.06374949000407996,0.11985808802377983,0.7729684210526315
inputaware,0.1,0.9198023410526316,2495,29032,5,0.998,0.07913851619246995,0.14664824991918182,0.6112
inputaware,0.01,0.9198023410526316,2491,25637,9,0.9964,0.0885594425483504,0.16266161682120933,0.5397263157894737
inputaware,0.001,0.9198023410526316,2485,23054,15,0.994,0.09730216531579153,0.17725311173722313,0.48534736842105264
inputaware,0.0001,0.9198023410526316,2476,21024,24,0.9904,0.10536170212765958,0.19046153846153846,0.44261052631578945
inputaware,1e-05,0.9198023410526316,2467,19266,33,0.9868,0.1135140109510882,0.20360665208599843,0.4056
inputaware,1e-06,0.9198023410526316,2453,17674,47,0.9812,0.12187608684851195,0.21682061254253768,0.3720842105263158
inputaware,1e-07,0.9198023410526316,2442,16332,58,0.9768,0.13007350591243208,0.2295760082730093,0.34383157894736843
inputaware,1e-08,0.9198023410526316,2435,15137,65,0.974,0.13857272934213521,0.24262654444001594,0.31867368421052633
inputaware,1e-09,0.9198023410526316,2421,14063,79,0.9684,0.14686969182237322,0.25505689001264226,0.29606315789473686
inputaware,1e-10,0.9198023410526316,2396,13117,104,0.9584,0.1544511055243989,0.26603008937989225,0.27614736842105264
inputaware,1e-11,0.9198023410526316,2379,12289,121,0.9516,0.16218980092718843,0.277143522833178,0.25871578947368423
inputaware,1e-12,0.9198023410526316,2353,11576,147,0.9412,0.16892813554454736,0.28644470144257106,0.24370526315789473
inputaware,1e-13,0.9198023410526316,2333,10866,167,0.9332,0.17675581483445715,0.2972163832091216,0.2287578947368421
inputaware,1e-14,0.9198023410526316,2307,10227,193,0.9228,0.18405935854475824,0.30690435013968337,0.21530526315789475
inputaware,1e-15,0.9198023410526316,2289,9651,211,0.9156,0.19170854271356783,0.3170360110803324,0.20317894736842104
inputaware,1e-16,0.9198023410526316,2261,9085,239,0.9044,0.19927727833597744,0.3265925176946411,0.19126315789473683
inputaware,1e-17,0.9198023410526316,2240,8577,260,0.896,0.20708144587223815,0.33641210482841477,0.18056842105263157
inputaware,1e-18,0.9198023410526316,2217,8108,283,0.8868,0.21472154963680387,0.3457309941520468,0.17069473684210526
inputaware,1e-19,0.9198023410526316,2184,7708,316,0.8736,0.22078447230084916,0.35248547449967726,0.16227368421052632
inputaware,1e-20,0.9198023410526316,2155,7308,345,0.862,0.22772904998414878,0.36027752236061183,0.15385263157894738
inputaware,1e-21,0.9198023410526316,2124,6972,376,0.8496,0.23350923482849603,0.36633321835115557,0.14677894736842106
inputaware,1e-22,0.9198023410526316,2095,6630,405,0.838,0.24011461318051575,0.3732739420935412,0.13957894736842105
inputaware,1e-23,0.9198023410526316,2070,6296,430,0.828,0.2474300741094908,0.3810049696300386,0.13254736842105264
inputaware,1e-24,0.9198023410526316,2036,6012,464,0.8144,0.2529821073558648,0.3860447478194918,0.12656842105263158
inputaware,1e-25,0.9198023410526316,2001,5784,499,0.8004,0.25703275529865127,0.38911035488575596,0.12176842105263158
inputaware,1e-26,0.9198023410526316,1963,5533,537,0.7852,0.26187299893276417,0.3927571028411365,0.11648421052631579
inputaware,1e-27,0.9198023410526316,1929,5271,571,0.7716,0.2679166666666667,0.39773195876288664,0.11096842105263158
inputaware,1e-28,0.9198023410526316,1886,5066,614,0.7544,0.27128883774453394,0.3990689801100296,0.10665263157894737
inputaware,1e-29,0.9198023410526316,1859,4879,641,0.7436,0.275897892549718,0.40246806668109986,0.1027157894736842
inputaware,1e-30,0.9198023410526316,1826,4671,674,0.7304,0.28105279359704477,0.4059130821384906,0.09833684210526315
inputaware,1e-31,0.9198023410526316,1790,4485,710,0.716,0.2852589641434263,0.407977207977208,0.09442105263157895
inputaware,1e-32,0.9198023410526316,1747,4304,753,0.6988,0.2887126094860354,0.4086071804467314,0.09061052631578947
inputaware,1e-33,0.9198023410526316,1709,4130,791,0.6836,0.2926871039561569,0.4098812807291042,0.08694736842105263
inputaware,1e-34,0.9198023410526316,1673,3951,827,0.6692,0.297475106685633,0.4118660758247169,0.08317894736842105
inputaware,1e-35,0.9198023410526316,1623,3794,877,0.6492,0.29961233154882777,0.4100037893141341,0.07987368421052632
inputaware,1e-36,0.9198023410526316,1602,3669,898,0.6408,0.3039271485486625,0.41230214901557066,0.07724210526315789
inputaware,1e-37,0.9198023410526316,1568,3530,932,0.6272,0.30757159670459006,0.41274019478810214,0.07431578947368421
inputaware,1e-38,0.9198023410526316,1535,3409,965,0.614,0.31047734627831713,0.4124126813541107,0.07176842105263158
inputaware,1e-39,0.9198023410526316,1510,3283,990,0.604,0.3150427707072814,0.4140957082133552,0.06911578947368421
inputaware,1e-40,0.9198023410526316,1467,3177,1033,0.5868,0.31589147286821706,0.4106942889137738,0.0668842105263158
inputaware,1e-41,0.9198023410526316,1431,3055,1069,0.5724,0.3189924208649131,0.4096764958488406,0.06431578947368422
inputaware,1e-42,0.9198023410526316,1401,2957,1099,0.5604,0.32147774208352453,0.4085739282589676,0.062252631578947365
inputaware,1e-43,0.9198023410526316,1366,2851,1134,0.5464,0.3239269622954707,0.40672919458091406,0.06002105263157895
inputaware,1e-44,0.9198023410526316,1317,2736,1183,0.5268,0.3249444855662472,0.40195330383030675,0.0576
inputaware,1e-45,0.9198023410526316,1291,2630,1209,0.5164,0.32925274164753887,0.402118050147952,0.05536842105263158
inputaware,1e-46,0.9198023410526316,1264,2542,1236,0.5056,0.33210719915922227,0.4008880431335236,0.05351578947368421
inputaware,1e-47,0.9198023410526316,1229,2448,1271,0.4916,0.3342398694587979,0.39792779666504774,0.05153684210526316
inputaware,1e-48,0.9198023410526316,1194,2365,1306,0.4776,0.3354874964877775,0.394124442977389,0.04978947368421053
inputaware,1e-49,0.9198023410526316,1157,2272,1343,0.4628,0.3374161563137941,0.39028503963568895,0.04783157894736842
inputaware,1e-50,0.9198023410526316,1113,2193,1387,0.4452,0.3366606170598911,0.38339648639338614,0.04616842105263158
inputaware,1e-51,0.9198023410526316,1081,2108,1419,0.4324,0.3389777359673879,0.3800316400070311,0.04437894736842105
inputaware,1e-52,0.9198023410526316,1046,2019,1454,0.4184,0.3412724306688418,0.37592093441150043,0.042505263157894733
inputaware,1e-53,0.9198023410526316,1023,1935,1477,0.4092,0.345841784989858,0.37486258702821545,0.040736842105263155
inputaware,1e-54,0.9198023410526316,989,1870,1511,0.3956,0.3459251486533753,0.3690987124463519,0.03936842105263158
inputaware,1e-55,0.9198023410526316,956,1797,1544,0.3824,0.34725753723211045,0.3639824861983629,0.037831578947368424
inputaware,1e-56,0.9198023410526316,929,1711,1571,0.3716,0.35189393939393937,0.3614785992217899,0.03602105263157895
inputaware,1e-57,0.9198023410526316,895,1653,1605,0.358,0.3512558869701727,0.35459587955626,0.0348
inputaware,1e-58,0.9198023410526316,871,1592,1629,0.3484,0.35363377994315875,0.35099738061656255,0.03351578947368421
inputaware,1e-59,0.9198023410526316,848,1540,1652,0.3392,0.35510887772194305,0.3469721767594108,0.03242105263157895
inputaware,1e-60,0.9198023410526316,827,1485,1673,0.3308,0.3576989619377163,0.3437240232751455,0.03126315789473684
inputaware,1e-61,0.9198023410526316,809,1431,1691,0.3236,0.3611607142857143,0.34135021097046414,0.030126315789473685
inputaware,1e-62,0.9198023410526316,783,1371,1717,0.3132,0.3635097493036212,0.33648474430597336,0.02886315789473684
inputaware,1e-63,0.9198023410526316,760,1325,1740,0.304,0.3645083932853717,0.33151581243184297,0.027894736842105264
inputaware,1e-64,0.9198023410526316,734,1266,1766,0.2936,0.367,0.3262222222222222,0.02665263157894737
inputaware,1e-65,0.9198023410526316,714,1225,1786,0.2856,0.36823104693140796,0.3216940752421717,0.025789473684210525
inputaware,1e-66,0.9198023410526316,691,1181,1809,0.2764,0.36912393162393164,0.3161024702653248,0.02486315789473684
inputaware,1e-67,0.9198023410526316,666,1129,1834,0.2664,0.3710306406685237,0.310128055878929,0.023768421052631578
inputaware,1e-68,0.9198023410526316,637,1088,1863,0.2548,0.36927536231884056,0.30153846153846153,0.022905263157894738
inputaware,1e-69,0.9198023410526316,610,1032,1890,0.244,0.37149817295980514,0.294543698696282,0.021726315789473684
inputaware,1e-70,0.9198023410526316,596,1006,1904,0.2384,0.37203495630461925,0.2905899561189664,0.021178947368421054
inputaware,1e-71,0.9198023410526316,580,958,1920,0.232,0.37711313394018203,0.2872709262010896,0.02016842105263158
inputaware,1e-72,0.9198023410526316,559,924,1941,0.2236,0.37693863789615645,0.28069294501631936,0.019452631578947367
inputaware,1e-73,0.9198023410526316,541,888,1959,0.2164,0.37858642407277815,0.27538813947569357,0.018694736842105264
inputaware,1e-74,0.9198023410526316,520,842,1980,0.208,0.38179148311306904,0.26929052304505435,0.017726315789473684
inputaware,1e-75,0.9198023410526316,503,802,1997,0.2012,0.3854406130268199,0.26438896189224703,0.01688421052631579
inputaware,1e-76,0.9198023410526316,487,773,2013,0.1948,0.3865079365079365,0.25904255319148933,0.016273684210526315
inputaware,1e-77,0.9198023410526316,469,751,2031,0.1876,0.3844262295081967,0.2521505376344086,0.015810526315789473
inputaware,1e-78,0.9198023410526316,450,709,2050,0.18,0.3882657463330457,0.24596884394643345,0.014926315789473683
inputaware,1e-79,0.9198023410526316,440,681,2060,0.176,0.39250669045495096,0.24302678818006077,0.014336842105263158
inputaware,1e-80,0.9198023410526316,427,651,2073,0.1708,0.3961038961038961,0.23868082727780887,0.013705263157894736
inputaware,1e-81,0.9198023410526316,412,612,2088,0.1648,0.40234375,0.23382519863791143,0.01288421052631579
inputaware,1e-82,0.9198023410526316,395,587,2105,0.158,0.40224032586558045,0.22688110281447443,0.012357894736842106
inputaware,1e-83,0.9198023410526316,381,566,2119,0.1524,0.40232312565997885,0.22106179286335945,0.011915789473684211
inputaware,1e-84,0.9198023410526316,366,549,2134,0.1464,0.4,0.2143484626647145,0.011557894736842106
inputaware,1e-85,0.9198023410526316,350,521,2150,0.14,0.4018369690011481,0.20765351527736578,0.010968421052631579
inputaware,1e-86,0.9198023410526316,337,499,2163,0.1348,0.40311004784689,0.20203836930455635,0.010505263157894736
inputaware,1e-87,0.9198023410526316,325,476,2175,0.13,0.40574282147315854,0.19691002726446533,0.010021052631578948
inputaware,1e-88,0.9198023410526316,309,453,2191,0.1236,0.40551181102362205,0.18945432250153282,0.009536842105263158
inputaware,1e-89,0.9198023410526316,299,428,2201,0.1196,0.41127922971114167,0.18531143476913542,0.009010526315789474
inputaware,1e-90,0.9198023410526316,285,413,2215,0.114,0.40830945558739257,0.17823639774859287,0.008694736842105264
inputaware,1e-91,0.9198023410526316,276,402,2224,0.1104,0.40707964601769914,0.17369414726242918,0.008463157894736843
inputaware,1e-92,0.9198023410526316,270,385,2230,0.108,0.4122137404580153,0.17115689381933438,0.008105263157894737
inputaware,1e-93,0.9198023410526316,257,369,2243,0.1028,0.41054313099041534,0.16442738323736408,0.007768421052631579
inputaware,1e-94,0.9198023410526316,252,357,2248,0.1008,0.41379310344827586,0.16211000321646832,0.007515789473684211
inputaware,1e-95,0.9198023410526316,244,341,2256,0.0976,0.4170940170940171,0.1581847649918963,0.007178947368421053
inputaware,1e-96,0.9198023410526316,236,329,2264,0.0944,0.4176991150442478,0.15399673735725938,0.006926315789473684
inputaware,1e-97,0.9198023410526316,229,317,2271,0.0916,0.4194139194139194,0.15036112934996718,0.006673684210526316
inputaware,1e-98,0.9198023410526316,223,301,2277,0.0892,0.4255725190839695,0.1474867724867725,0.006336842105263158
inputaware,1e-99,0.9198023410526316,216,288,2284,0.0864,0.42857142857142855,0.1438082556591212,0.006063157894736842
inputaware,1e-100,0.9198023410526316,209,276,2291,0.0836,0.4309278350515464,0.14003350083752092,0.0058105263157894734
low_frequency,1.0,0.9551672463157896,2500,36956,0,1.0,0.06336171938361719,0.11917246639336448,0.778021052631579
low_frequency,0.1,0.9551672463157896,2500,28748,0,1.0,0.08000512032770098,0.14815692781794476,0.605221052631579
low_frequency,0.01,0.9551672463157896,2500,24965,0,1.0,0.09102494083378845,0.1668613382279326,0.525578947368421
low_frequency,0.001,0.9551672463157896,2500,22074,0,1.0,0.10173353951330674,0.1846790278495974,0.4647157894736842
low_frequency,0.0001,0.9551672463157896,2500,19793,0,1.0,0.11214282510204997,0.20166982616060983,0.4166947368421053
low_frequency,1e-05,0.9551672463157896,2500,17871,0,1.0,0.12272347945608954,0.21861746316295744,0.3762315789473684
low_frequency,1e-06,0.9551672463157896,2500,16236,0,1.0,0.1334329632792485,0.23544923714447163,0.34181052631578945
low_frequency,1e-07,0.9551672463157896,2500,14778,0,1.0,0.14469267276305128,0.25280614824552533,0.31111578947368423
low_frequency,1e-08,0.9551672463157896,2500,13538,0,1.0,0.15587978550941514,0.2697162584960621,0.2850105263157895
low_frequency,1e-09,0.9551672463157896,2500,12474,0,1.0,0.16695605716575398,0.2861394071191485,0.26261052631578946
low_frequency,1e-10,0.9551672463157896,2500,11561,0,1.0,0.17779674276367258,0.3019141356198297,0.24338947368421052
low_frequency,1e-11,0.9551672463157896,2500,10798,0,1.0,0.18799819521732591,0.31649575895682996,0.22732631578947368
low_frequency,1e-12,0.9551672463157896,2500,10086,0,1.0,0.19863340219291276,0.33143311679703036,0.21233684210526316
low_frequency,1e-13,0.9551672463157896,2500,9456,0,1.0,0.20910003345600536,0.34587714443829554,0.19907368421052632
low_frequency,1e-14,0.9551672463157896,2500,8881,0,1.0,0.21966435286881644,0.36020459621064765,0.1869684210526316
low_frequency,1e-15,0.9551672463157896,2499,8398,1,0.9996,0.22932917316692666,0.3730685974471896,0.1768
low_frequency,1e-16,0.9551672463157896,2499,7949,1,0.9996,0.23918453292496172,0.3860055607043559,0.16734736842105263
low_frequency,1e-17,0.9551672463157896,2499,7562,1,0.9996,0.24838485240035782,0.3978982565082398,0.1592
low_frequency,1e-18,0.9551672463157896,2499,7233,1,0.9996,0.2567817509247842,0.40860039241334206,0.1522736842105263
low_frequency,1e-19,0.9551672463157896,2498,6953,2,0.9992,0.2643106549571474,0.4180403313530249,0.14637894736842105
low_frequency,1e-20,0.9551672463157896,2496,6669,4,0.9984,0.2723404255319149,0.4279468495499358,0.1404
low_frequency,1e-21,0.9551672463157896,2495,6424,5,0.998,0.27973988115259557,0.4369909799457045,0.13524210526315789
low_frequency,1e-22,0.9551672463157896,2495,6218,5,0.998,0.28635372431998163,0.4450191741728351,0.13090526315789475
low_frequency,1e-23,0.9551672463157896,2494,6037,6,0.9976,0.2923455632399484,0.4521802193817424,0.12709473684210526
low_frequency,1e-24,0.9551672463157896,2491,5874,9,0.9964,0.2977884040645547,0.4585365853658537,0.12366315789473684
low_frequency,1e-25,0.9551672463157896,2487,5740,13,0.9948,0.30229731372310686,0.4636897548242752,0.12084210526315789
low_frequency,1e-26,0.9551672463157896,2485,5609,15,0.994,0.30701754385964913,0.4691334717764772,0.11808421052631579
low_frequency,1e-27,0.9551672463157896,2480,5498,20,0.992,0.31085485083980946,0.4733727810650888,0.11574736842105263
low_frequency,1e-28,0.9551672463157896,2478,5408,22,0.9912,0.3142277453715445,0.4771808203350665,0.11385263157894737
low_frequency,1e-29,0.9551672463157896,2478,5314,22,0.9912,0.3180184804928131,0.48153905946366105,0.11187368421052632
low_frequency,1e-30,0.9551672463157896,2476,5237,24,0.9904,0.3210164657072475,0.4848722216782533,0.11025263157894737
low_frequency,1e-31,0.9551672463157896,2473,5164,27,0.9892,0.3238182532408014,0.4879155568708691,0.10871578947368421
low_frequency,1e-32,0.9551672463157896,2466,5093,34,0.9864,0.32623362878687656,0.4903071875932001,0.10722105263157895
low_frequency,1e-33,0.9551672463157896,2466,5043,34,0.9864,0.3284059129045146,0.4927565191327805,0.10616842105263158
low_frequency,1e-34,0.9551672463157896,2460,4983,40,0.984,0.3305118903667876,0.49482047671728846,0.10490526315789474
low_frequency,1e-35,0.9551672463157896,2453,4939,47,0.9812,0.3318452380952381,0.49595632834613834,0.10397894736842105
low_frequency,1e-36,0.9551672463157896,2447,4901,53,0.9788,0.333015786608601,0.49695369618196583,0.10317894736842105
low_frequency,1e-37,0.9551672463157896,2441,4863,59,0.9764,0.3342004381161008,0.49796001631986947,0.10237894736842106
low_frequency,1e-38,0.9551672463157896,2434,4819,66,0.9736,0.3355852750585964,0.4991284732902697,0.10145263157894736
low_frequency,1e-39,0.9551672463157896,2426,4778,74,0.9704,0.3367573570238756,0.5,0.10058947368421052
low_frequency,1e-40,0.9551672463157896,2417,4734,83,0.9668,0.337994686057894,0.5008807377473837,0.09966315789473684
low_frequency,1e-41,0.9551672463157896,2407,4696,93,0.9628,0.33887089961987893,0.5013016765594085,0.09886315789473685
low_frequency,1e-42,0.9551672463157896,2400,4660,100,0.96,0.33994334277620397,0.502092050209205,0.09810526315789474
low_frequency,1e-43,0.9551672463157896,2395,4621,105,0.958,0.3413625997719498,0.5033627574611181,0.09728421052631579
low_frequency,1e-44,0.9551672463157896,2382,4582,118,0.9528,0.3420448018380241,0.5033812341504649,0.09646315789473685
low_frequency,1e-45,0.9551672463157896,2371,4542,129,0.9484,0.342976999855345,0.5037713800063741,0.09562105263157895
low_frequency,1e-46,0.9551672463157896,2359,4499,141,0.9436,0.3439778361038204,0.5041675571703356,0.09471578947368421
low_frequency,1e-47,0.9551672463157896,2349,4461,151,0.9396,0.3449339207048458,0.5046186895810956,0.09391578947368422
low_frequency,1e-48,0.9551672463157896,2332,4426,168,0.9328,0.34507250665877476,0.5037805141499243,0.09317894736842106
low_frequency,1e-49,0.9551672463157896,2321,4382,179,0.9284,0.34626286737281814,0.5044007388894926,0.09225263157894736
low_frequency,1e-50,0.9551672463157896,2303,4338,197,0.9212,0.3467851227224816,0.5038836013565255,0.09132631578947369
low_frequency,1e-51,0.9551672463157896,2289,4292,211,0.9156,0.3478194803221395,0.5041295011562603,0.09035789473684211
low_frequency,1e-52,0.9551672463157896,2279,4239,221,0.9116,0.34964713102178585,0.5054335772898647,0.0892421052631579
low_frequency,1e-53,0.9551672463157896,2260,4182,240,0.904,0.3508227258615337,0.5054797584433013,0.0880421052631579
low_frequency,1e-54,0.9551672463157896,2240,4135,260,0.896,0.35137254901960785,0.5047887323943662,0.08705263157894737
low_frequency,1e-55,0.9551672463157896,2224,4085,276,0.8896,0.3525122840386749,0.5049381314564649,0.086
low_frequency,1e-56,0.9551672463157896,2206,4031,294,0.8824,0.3536956870290204,0.5049788256838732,0.08486315789473685
low_frequency,1e-57,0.9551672463157896,2183,3977,317,0.8732,0.35438311688311686,0.5041570438799076,0.08372631578947369
low_frequency,1e-58,0.9551672463157896,2162,3933,338,0.8648,0.35471698113207545,0.5030831878999418,0.0828
low_frequency,1e-59,0.9551672463157896,2143,3878,357,0.8572,0.35592094336488955,0.5029926065015843,0.08164210526315789
low_frequency,1e-60,0.9551672463157896,2116,3822,384,0.8464,0.3563489390367127,0.5015406494429959,0.08046315789473685
low_frequency,1e-61,0.9551672463157896,2100,3764,400,0.84,0.3581173260572988,0.5021520803443328,0.07924210526315789
low_frequency,1e-62,0.9551672463157896,2074,3704,426,0.8296,0.3589477327795085,0.5010872191350567,0.07797894736842105
low_frequency,1e-63,0.9551672463157896,2043,3643,457,0.8172,0.3593035525852972,0.4991448815050085,0.07669473684210526
low_frequency,1e-64,0.9551672463157896,2014,3587,486,0.8056,0.3595786466702375,0.4972225651154179,0.07551578947368422
low_frequency,1e-65,0.9551672463157896,1990,3529,510,0.796,0.36057256749411126,0.4963212370619777,0.07429473684210526
low_frequency,1e-66,0.9551672463157896,1966,3455,534,0.7864,0.3626637151817008,0.49640196944830195,0.07273684210526316
low_frequency,1e-67,0.9551672463157896,1944,3386,556,0.7776,0.3647279549718574,0.4965517241379309,0.07128421052631578
low_frequency,1e-68,0.9551672463157896,1911,3323,589,0.7644,0.3651127244936951,0.49418153607447635,0.06995789473684211
low_frequency,1e-69,0.9551672463157896,1889,3251,611,0.7556,0.36750972762645917,0.49450261780104715,0.0684421052631579
low_frequency,1e-70,0.9551672463157896,1845,3203,655,0.738,0.36549128367670364,0.4888712241653418,0.06743157894736843
low_frequency,1e-71,0.9551672463157896,1813,3154,687,0.7252,0.36500905979464465,0.48560332128030004,0.0664
low_frequency,1e-72,0.9551672463157896,1778,3092,722,0.7112,0.3650924024640657,0.4824966078697423,0.06509473684210526
low_frequency,1e-73,0.9551672463157896,1754,3024,746,0.7016,0.36709920468815405,0.4820005496015389,0.06366315789473684
low_frequency,1e-74,0.9551672463157896,1728,2953,772,0.6912,0.36915189062166204,0.48127001810332826,0.06216842105263158
low_frequency,1e-75,0.9551672463157896,1696,2886,804,0.6784,0.3701440419030991,0.47896074555210394,0.06075789473684211
low_frequency,1e-76,0.9551672463157896,1659,2819,841,0.6636,0.3704778919160339,0.4754944110060189,0.059347368421052635
low_frequency,1e-77,0.9551672463157896,1630,2738,870,0.652,0.3731684981684982,0.4746651135701805,0.0576421052631579
low_frequency,1e-78,0.9551672463157896,1590,2691,910,0.636,0.37140854940434476,0.4689573809172688,0.05665263157894737
low_frequency,1e-79,0.9551672463157896,1567,2640,933,0.6268,0.37247444734965535,0.4672729983599225,0.055578947368421054
low_frequency,1e-80,0.9551672463157896,1534,2571,966,0.6136,0.37369062119366625,0.46449659348978045,0.05412631578947368
low_frequency,1e-81,0.9551672463157896,1499,2514,1001,0.5996,0.3735360079740842,0.4603101489329034,0.05292631578947368
low_frequency,1e-82,0.9551672463157896,1474,2461,1026,0.5896,0.37458703939008897,0.45811965811965816,0.051810526315789474
low_frequency,1e-83,0.9551672463157896,1446,2406,1054,0.5784,0.37538940809968846,0.4552896725440806,0.050652631578947366
low_frequency,1e-84,0.9551672463157896,1418,2341,1082,0.5672,0.37722798616653364,0.4531075251637642,0.04928421052631579
low_frequency,1e-85,0.9551672463157896,1392,2279,1108,0.5568,0.37918823208934893,0.4511424404472532,0.04797894736842105
low_frequency,1e-86,0.9551672463157896,1364,2218,1136,0.5456,0.3807928531546622,0.448536665570536,0.04669473684210526
low_frequency,1e-87,0.9551672463157896,1334,2158,1166,0.5336,0.3820160366552119,0.44526034712950596,0.04543157894736842
low_frequency,1e-88,0.9551672463157896,1304,2096,1196,0.5216,0.3835294117647059,0.4420338983050847,0.04412631578947369
low_frequency,1e-89,0.9551672463157896,1274,2034,1226,0.5096,0.3851269649334946,0.4387052341597797,0.04282105263157895
low_frequency,1e-90,0.9551672463157896,1236,1975,1264,0.4944,0.38492681407661167,0.43284888811066363,0.041578947368421056
low_frequency,1e-91,0.9551672463157896,1197,1912,1303,0.4788,0.38501125763911226,0.4268140488500624,0.040252631578947366
low_frequency,1e-92,0.9551672463157896,1166,1870,1334,0.4664,0.38405797101449274,0.42124277456647397,0.03936842105263158
low_frequency,1e-93,0.9551672463157896,1132,1807,1368,0.4528,0.3851650221163661,0.4162529876815591,0.0380421052631579
low_frequency,1e-94,0.9551672463157896,1100,1754,1400,0.44,0.3854239663629993,0.4109077325364214,0.03692631578947368
low_frequency,1e-95,0.9551672463157896,1074,1703,1426,0.4296,0.3867482895210659,0.4070494599204093,0.035852631578947365
low_frequency,1e-96,0.9551672463157896,1043,1648,1457,0.4172,0.38758825715347456,0.4018493546522828,0.034694736842105264
low_frequency,1e-97,0.9551672463157896,1015,1601,1485,0.406,0.38799694189602446,0.3967943706020329,0.03370526315789474
low_frequency,1e-98,0.9551672463157896,997,1537,1503,0.3988,0.39344909234411996,0.39610647596344856,0.032357894736842106
low_frequency,1e-99,0.9551672463157896,969,1485,1531,0.3876,0.39486552567237165,0.39119903108599113,0.03126315789473684
low_frequency,1e-100,0.9551672463157896,950,1428,1550,0.38,0.3994953742640875,0.3895038950389504,0.030063157894736844
noisy_all2all,1.0,0.7491953515789473,2286,36983,214,0.9144,0.058213858259695946,0.1094591682826977,0.7785894736842105
noisy_all2all,0.1,0.7491953515789473,2037,25026,463,0.8148,0.07526881720430108,0.13780739437810777,0.5268631578947368
noisy_all2all,0.01,0.7491953515789473,1865,19887,635,0.746,0.08573924236851783,0.15380174830941779,0.4186736842105263
noisy_all2all,0.001,0.7491953515789473,1734,16243,766,0.6936,0.09645658341213773,0.1693607462030571,0.3419578947368421
noisy_all2all,0.0001,0.7491953515789473,1637,13536,863,0.6548,0.10788901337902854,0.185254342782776,0.2849684210526316
noisy_all2all,1e-05,0.7491953515789473,1566,11477,934,0.6264,0.12006440236141992,0.2015055008685582,0.24162105263157896
noisy_all2all,1e-06,0.7491953515789473,1488,9855,1012,0.5952,0.13118222692409415,0.21498230152423609,0.2074736842105263
noisy_all2all,1e-07,0.7491953515789473,1411,8554,1089,0.5644,0.14159558454591067,0.22639390292819891,0.1800842105263158
noisy_all2all,1e-08,0.7491953515789473,1361,7500,1139,0.5444,0.15359440243764813,0.23959158524777752,0.15789473684210525
noisy_all2all,1e-09,0.7491953515789473,1309,6662,1191,0.5236,0.16422029858236106,0.25002387546557153,0.14025263157894738
noisy_all2all,1e-10,0.7491953515789473,1265,5989,1235,0.506,0.1743865453542873,0.25938076686487593,0.1260842105263158
noisy_all2all,1e-11,0.7491953515789473,1231,5423,1269,0.4924,0.1850015028554253,0.26895346296700895,0.11416842105263159
noisy_all2all,1e-12,0.7491953515789473,1190,4937,1310,0.476,0.1942222947608944,0.27587805726208414,0.10393684210526316
noisy_all2all,1e-13,0.7491953515789473,1145,4505,1355,0.458,0.20265486725663717,0.2809815950920245,0.0948421052631579
noisy_all2all,1e-14,0.7491953515789473,1108,4099,1392,0.4432,0.21279047436143653,0.2875308161411704,0.08629473684210526
noisy_all2all,1e-15,0.7491953515789473,1080,3746,1420,0.432,0.22378781599668462,0.29484029484029484,0.07886315789473684
noisy_all2all,1e-16,0.7491953515789473,1046,3414,1454,0.4184,0.23452914798206279,0.30057471264367813,0.07187368421052631
noisy_all2all,1e-17,0.7491953515789473,1018,3141,1482,0.4072,0.24477037749459005,0.30575161435651,0.06612631578947369
noisy_all2all,1e-18,0.7491953515789473,998,2901,1502,0.3992,0.25596306745319314,0.3119237380840756,0.061073684210526315
noisy_all2all,1e-19,0.7491953515789473,969,2663,1531,0.3876,0.26679515418502203,0.31604696673189825,0.05606315789473684
noisy_all2all,1e-20,0.7491953515789473,939,2472,1561,0.3756,0.2752858399296394,0.3177127389612587,0.052042105263157896
noisy_all2all,1e-21,0.7491953515789473,910,2289,1590,0.364,0.2844638949671772,0.3193542726794174,0.048189473684210525
noisy_all2all,1e-22,0.7491953515789473,888,2144,1612,0.3552,0.2928759894459103,0.32104121475054237,0.045136842105263156
noisy_all2all,1e-23,0.7491953515789473,857,1976,1643,0.3428,0.3025061771973173,0.32139508719294957,0.0416
noisy_all2all,1e-24,0.7491953515789473,831,1847,1669,0.3324,0.31030619865571324,0.320973348783314,0.03888421052631579
noisy_all2all,1e-25,0.7491953515789473,813,1706,1687,0.3252,0.3227471218737594,0.32396891811117756,0.03591578947368421
noisy_all2all,1e-26,0.7491953515789473,789,1578,1711,0.3156,0.3333333333333333,0.3242243681939593,0.03322105263157895
noisy_all2all,1e-27,0.7491953515789473,769,1455,1731,0.3076,0.34577338129496404,0.32557154953429296,0.03063157894736842
noisy_all2all,1e-28,0.7491953515789473,754,1360,1746,0.3016,0.3566698202459792,0.3268313827481578,0.02863157894736842
noisy_all2all,1e-29,0.7491953515789473,735,1255,1765,0.294,0.3693467336683417,0.3273942093541203,0.026421052631578946
noisy_all2all,1e-30,0.7491953515789473,720,1175,1780,0.288,0.37994722955145116,0.32764505119453924,0.024736842105263158
noisy_all2all,1e-31,0.7491953515789473,702,1088,1798,0.2808,0.39217877094972065,0.3272727272727273,0.022905263157894738
noisy_all2all,1e-32,0.7491953515789473,688,1016,1812,0.2752,0.40375586854460094,0.3273073263558516,0.021389473684210528
noisy_all2all,1e-33,0.7491953515789473,674,956,1826,0.2696,0.4134969325153374,0.32639225181598064,0.020126315789473683
noisy_all2all,1e-34,0.7491953515789473,665,882,1835,0.266,0.4298642533936652,0.3286384976525822,0.018568421052631578
noisy_all2all,1e-35,0.7491953515789473,648,810,1852,0.2592,0.4444444444444444,0.32743810005053053,0.017052631578947368
noisy_all2all,1e-36,0.7491953515789473,633,768,1867,0.2532,0.4518201284796574,0.32453217123814404,0.01616842105263158
noisy_all2all,1e-37,0.7491953515789473,623,729,1877,0.2492,0.46079881656804733,0.32346832814122534,0.015347368421052632
noisy_all2all,1e-38,0.7491953515789473,613,675,1887,0.2452,0.47593167701863354,0.3236536430834213,0.014210526315789474
noisy_all2all,1e-39,0.7491953515789473,604,638,1896,0.2416,0.4863123993558776,0.3228220203099947,0.013431578947368421
noisy_all2all,1e-40,0.7491953515789473,593,577,1907,0.2372,0.5068376068376068,0.3231607629427793,0.012147368421052632
noisy_all2all,1e-41,0.7491953515789473,583,539,1917,0.2332,0.5196078431372549,0.3219215902816124,0.011347368421052632
noisy_all2all,1e-42,0.7491953515789473,575,506,1925,0.23,0.5319148936170213,0.3211393465512427,0.010652631578947368
noisy_all2all,1e-43,0.7491953515789473,568,476,1932,0.2272,0.5440613026819924,0.3205417607223477,0.010021052631578948
noisy_all2all,1e-44,0.7491953515789473,557,440,1943,0.2228,0.5586760280842528,0.31855876465541894,0.009263157894736843
noisy_all2all,1e-45,0.7491953515789473,548,420,1952,0.2192,0.5661157024793388,0.3160322952710496,0.008842105263157894
noisy_all2all,1e-46,0.7491953515789473,541,398,1959,0.2164,0.5761448349307774,0.3146263448676941,0.008378947368421052
noisy_all2all,1e-47,0.7491953515789473,526,368,1974,0.2104,0.5883668903803132,0.30995875073659396,0.007747368421052631
noisy_all2all,1e-48,0.7491953515789473,521,348,1979,0.2084,0.5995397008055235,0.3092905906797269,0.007326315789473684
noisy_all2all,1e-49,0.7491953515789473,515,319,1985,0.206,0.617505995203837,0.3089382123575285,0.0067157894736842106
noisy_all2all,1e-50,0.7491953515789473,508,299,1992,0.2032,0.6294919454770755,0.30722709404293924,0.0062947368421052636
noisy_all2all,1e-51,0.7491953515789473,500,275,2000,0.2,0.6451612903225806,0.30534351145038163,0.005789473684210527
noisy_all2all,1e-52,0.7491953515789473,489,260,2011,0.1956,0.6528704939919893,0.30101569713758075,0.0054736842105263155
noisy_all2all,1e-53,0.7491953515789473,481,245,2019,0.1924,0.662534435261708,0.2982021078735276,0.005157894736842105
noisy_all2all,1e-54,0.7491953515789473,472,224,2028,0.1888,0.6781609195402298,0.29536921151439294,0.0047157894736842105
noisy_all2all,1e-55,0.7491953515789473,465,206,2035,0.186,0.6929955290611028,0.293282876064333,0.004336842105263158
noisy_all2all,1e-56,0.7491953515789473,458,187,2042,0.1832,0.710077519379845,0.29125596184419716,0.003936842105263158
noisy_all2all,1e-57,0.7491953515789473,455,180,2045,0.182,0.7165354330708661,0.2902711323763955,0.003789473684210526
noisy_all2all,1e-58,0.7491953515789473,448,167,2052,0.1792,0.7284552845528456,0.2876404494382022,0.0035157894736842104
noisy_all2all,1e-59,0.7491953515789473,444,155,2056,0.1776,0.7412353923205343,0.28654404646660214,0.003263157894736842
noisy_all2all,1e-60,0.7491953515789473,436,141,2064,0.1744,0.755632582322357,0.28339291517712056,0.002968421052631579
noisy_all2all,1e-61,0.7491953515789473,431,130,2069,0.1724,0.768270944741533,0.28160731786997717,0.0027368421052631577
noisy_all2all,1e-62,0.7491953515789473,427,123,2073,0.1708,0.7763636363636364,0.28,0.0025894736842105265
noisy_all2all,1e-63,0.7491953515789473,426,116,2074,0.1704,0.7859778597785978,0.28007889546351084,0.0024421052631578948
noisy_all2all,1e-64,0.7491953515789473,420,101,2080,0.168,0.8061420345489443,0.27805362462760674,0.002126315789473684
noisy_all2all,1e-65,0.7491953515789473,414,96,2086,0.1656,0.8117647058823529,0.27508305647840536,0.0020210526315789473
noisy_all2all,1e-66,0.7491953515789473,406,92,2094,0.1624,0.8152610441767069,0.27084723148765844,0.0019368421052631578
noisy_all2all,1e-67,0.7491953515789473,402,84,2098,0.1608,0.8271604938271605,0.2692565304755526,0.001768421052631579
noisy_all2all,1e-68,0.7491953515789473,401,76,2099,0.1604,0.8406708595387841,0.26939872354719513,0.0016
noisy_all2all,1e-69,0.7491953515789473,397,72,2103,0.1588,0.8464818763326226,0.2674301111485349,0.0015157894736842106
noisy_all2all,1e-70,0.7491953515789473,393,69,2107,0.1572,0.8506493506493507,0.26536124240378123,0.0014526315789473684
noisy_all2all,1e-71,0.7491953515789473,387,67,2113,0.1548,0.8524229074889867,0.2620176032498307,0.0014105263157894736
noisy_all2all,1e-72,0.7491953515789473,378,66,2122,0.1512,0.8513513513513513,0.25679347826086957,0.0013894736842105264
noisy_all2all,1e-73,0.7491953515789473,375,59,2125,0.15,0.8640552995391705,0.25562372188139054,0.0012421052631578946
noisy_all2all,1e-74,0.7491953515789473,368,55,2132,0.1472,0.8699763593380615,0.2517960998973657,0.0011578947368421054
noisy_all2all,1e-75,0.7491953515789473,366,49,2134,0.1464,0.8819277108433735,0.25111492281303605,0.0010315789473684211
noisy_all2all,1e-76,0.7491953515789473,359,43,2141,0.1436,0.8930348258706468,0.2474155754651964,0.0009052631578947368
noisy_all2all,1e-77,0.7491953515789473,354,41,2146,0.1416,0.8962025316455696,0.24455958549222795,0.0008631578947368422
noisy_all2all,1e-78,0.7491953515789473,349,37,2151,0.1396,0.9041450777202072,0.24185724185724183,0.0007789473684210527
noisy_all2all,1e-79,0.7491953515789473,347,34,2153,0.1388,0.910761154855643,0.24088858035404376,0.0007157894736842105
noisy_all2all,1e-80,0.7491953515789473,342,33,2158,0.1368,0.912,0.2379130434782609,0.0006947368421052632
noisy_all2all,1e-81,0.7491953515789473,340,31,2160,0.136,0.9164420485175202,0.23685127133402994,0.0006526315789473684
noisy_all2all,1e-82,0.7491953515789473,339,30,2161,0.1356,0.9186991869918699,0.23631927500871386,0.0006315789473684211
noisy_all2all,1e-83,0.7491953515789473,339,27,2161,0.1356,0.9262295081967213,0.23656664340544314,0.0005684210526315789
noisy_all2all,1e-84,0.7491953515789473,335,24,2165,0.134,0.9331476323119777,0.23434767401189227,0.0005052631578947368
noisy_all2all,1e-85,0.7491953515789473,329,24,2171,0.1316,0.9320113314447592,0.23063441990886785,0.0005052631578947368
noisy_all2all,1e-86,0.7491953515789473,325,24,2175,0.13,0.9312320916905444,0.22815022815022815,0.0005052631578947368
noisy_all2all,1e-87,0.7491953515789473,325,23,2175,0.13,0.9339080459770115,0.22823033707865165,0.00048421052631578945
noisy_all2all,1e-88,0.7491953515789473,324,23,2176,0.1296,0.9337175792507204,0.22760800842992626,0.00048421052631578945
noisy_all2all,1e-89,0.7491953515789473,322,23,2178,0.1288,0.9333333333333333,0.2263620386643234,0.00048421052631578945
noisy_all2all,1e-90,0.7491953515789473,319,22,2181,0.1276,0.9354838709677419,0.22456881379795843,0.0004631578947368421
noisy_all2all,1e-91,0.7491953515789473,316,20,2184,0.1264,0.9404761904761905,0.22284908321579688,0.0004210526315789474
noisy_all2all,1e-92,0.7491953515789473,314,19,2186,0.1256,0.9429429429429429,0.22167313801623717,0.0004
noisy_all2all,1e-93,0.7491953515789473,311,16,2189,0.1244,0.9510703363914373,0.2200212239122745,0.0003368421052631579
noisy_all2all,1e-94,0.7491953515789473,309,16,2191,0.1236,0.9507692307692308,0.21876106194690267,0.0003368421052631579
noisy_all2all,1e-95,0.7491953515789473,307,15,2193,0.1228,0.953416149068323,0.2175761871013466,0.00031578947368421053
noisy_all2all,1e-96,0.7491953515789473,306,15,2194,0.1224,0.9532710280373832,0.21694434597660403,0.00031578947368421053
noisy_all2all,1e-97,0.7491953515789473,302,15,2198,0.1208,0.9526813880126183,0.21441249556265535,0.00031578947368421053
noisy_all2all,1e-98,0.7491953515789473,300,15,2200,0.12,0.9523809523809523,0.21314387211367672,0.00031578947368421053
noisy_all2all,1e-99,0.7491953515789473,296,15,2204,0.1184,0.9517684887459807,0.21060120953397368,0.00031578947368421053
noisy_all2all,1e-100,0.7491953515789473,292,13,2208,0.1168,0.9573770491803278,0.20819964349376116,0.0002736842105263158
noisy_all2one,1.0,0.8543695242105264,2500,36488,0,1.0,0.06412229403919155,0.1205167759352102,0.7681684210526316
noisy_all2one,0.1,0.8543695242105264,2499,26376,1,0.9996,0.08654545454545455,0.15929880478087652,0.5552842105263158
noisy_all2one,0.01,0.8543695242105264,2489,22524,11,0.9956,0.09950825570703234,0.18093265001999054,0.47418947368421055
noisy_all2one,0.001,0.8543695242105264,2479,20013,21,0.9916,0.11021696603236707,0.19838348271446862,0.42132631578947366
noisy_all2one,0.0001,0.8543695242105264,2445,18182,55,0.978,0.11853396034323944,0.21144117265533793,0.38277894736842105
noisy_all2one,1e-05,0.8543695242105264,2411,16720,89,0.9644,0.12602582196435105,0.2229208080994869,0.352
noisy_all2one,1e-06,0.8543695242105264,2361,15447,139,0.9444,0.13258086253369272,0.232519204254481,0.3252
noisy_all2one,1e-07,0.8543695242105264,2293,14282,207,0.9172,0.13834087481146304,0.24041939711664484,0.3006736842105263
noisy_all2one,1e-08,0.8543695242105264,2214,13231,286,0.8856,0.14334736160569764,0.24675397046531067,0.27854736842105265
noisy_all2one,1e-09,0.8543695242105264,2127,12308,373,0.8508,0.14735019050917908,0.25119574844995574,0.2591157894736842
noisy_all2one,1e-10,0.8543695242105264,2044,11420,456,0.8176,0.15181224004753416,0.2560761713856176,0.24042105263157895
noisy_all2one,1e-11,0.8543695242105264,1940,10632,560,0.776,0.15431116767419661,0.25743099787685775,0.2238315789473684
noisy_all2one,1e-12,0.8543695242105264,1829,9879,671,0.7316,0.1562179706183806,0.2574605855855856,0.20797894736842104
noisy_all2one,1e-13,0.8543695242105264,1735,9159,765,0.694,0.15926197907104828,0.2590712259220546,0.19282105263157895
noisy_all2one,1e-14,0.8543695242105264,1615,8454,885,0.646,0.1603932863243619,0.2569814623279497,0.17797894736842104
noisy_all2one,1e-15,0.8543695242105264,1506,7822,994,0.6024,0.16144939965694682,0.2546499830909706,0.1646736842105263
noisy_all2one,1e-16,0.8543695242105264,1402,7205,1098,0.5608,0.1628906703845707,0.2524534077608715,0.15168421052631578
noisy_all2one,1e-17,0.8543695242105264,1298,6612,1202,0.5192,0.1640960809102402,0.2493756003842459,0.1392
noisy_all2one,1e-18,0.8543695242105264,1196,6010,1304,0.4784,0.1659728004440744,0.24644549763033177,0.12652631578947368
noisy_all2one,1e-19,0.8543695242105264,1108,5489,1392,0.4432,0.16795513112020616,0.2435967901505991,0.11555789473684211
noisy_all2one,1e-20,0.8543695242105264,1019,4969,1481,0.4076,0.17017368069472277,0.24010367577756833,0.10461052631578947
noisy_all2one,1e-21,0.8543695242105264,936,4454,1564,0.3744,0.17365491651205936,0.23726235741444865,0.09376842105263158
noisy_all2one,1e-22,0.8543695242105264,855,3979,1645,0.342,0.1768721555647497,0.23316062176165803,0.08376842105263158
noisy_all2one,1e-23,0.8543695242105264,766,3583,1734,0.3064,0.1761324442400552,0.22368228938531176,0.07543157894736842
noisy_all2one,1e-24,0.8543695242105264,691,3166,1809,0.2764,0.17915478351050038,0.21739814377851185,0.06665263157894737
noisy_all2one,1e-25,0.8543695242105264,624,2818,1876,0.2496,0.1812899477048228,0.21003029283069674,0.059326315789473685
noisy_all2one,1e-26,0.8543695242105264,553,2479,1947,0.2212,0.18238786279683378,0.19992769342010122,0.05218947368421053
noisy_all2one,1e-27,0.8543695242105264,496,2195,2004,0.1984,0.18431809736157562,0.19109998073588905,0.04621052631578947
noisy_all2one,1e-28,0.8543695242105264,447,1939,2053,0.1788,0.18734283319362952,0.18297175603765858,0.040821052631578945
noisy_all2one,1e-29,0.8543695242105264,405,1725,2095,0.162,0.19014084507042253,0.17494600431965443,0.03631578947368421
noisy_all2one,1e-30,0.8543695242105264,357,1503,2143,0.1428,0.19193548387096773,0.16376146788990828,0.031642105263157895
noisy_all2one,1e-31,0.8543695242105264,314,1322,2186,0.1256,0.19193154034229828,0.1518375241779497,0.027831578947368422
noisy_all2one,1e-32,0.8543695242105264,281,1149,2219,0.1124,0.1965034965034965,0.1430025445292621,0.024189473684210528
noisy_all2one,1e-33,0.8543695242105264,249,1005,2251,0.0996,0.19856459330143542,0.13265849760255727,0.021157894736842105
noisy_all2one,1e-34,0.8543695242105264,224,870,2276,0.0896,0.20475319926873858,0.1246521981079577,0.01831578947368421
noisy_all2one,1e-35,0.8543695242105264,194,743,2306,0.0776,0.20704375667022412,0.11288914751236544,0.015642105263157895
noisy_all2one,1e-36,0.8543695242105264,177,656,2323,0.0708,0.21248499399759904,0.1062106210621062,0.013810526315789474
noisy_all2one,1e-37,0.8543695242105264,160,572,2340,0.064,0.2185792349726776,0.09900990099009903,0.012042105263157894
noisy_all2one,1e-38,0.8543695242105264,138,505,2362,0.0552,0.21461897356143078,0.0878141902640789,0.01063157894736842
noisy_all2one,1e-39,0.8543695242105264,121,440,2379,0.0484,0.21568627450980393,0.07905913100294021,0.009263157894736843
noisy_all2one,1e-40,0.8543695242105264,106,383,2394,0.0424,0.2167689161554192,0.07092673134827701,0.008063157894736842
noisy_all2one,1e-41,0.8543695242105264,95,334,2405,0.038,0.22144522144522144,0.06486855582109935,0.007031578947368421
noisy_all2one,1e-42,0.8543695242105264,81,283,2419,0.0324,0.22252747252747251,0.05656424581005587,0.005957894736842106
noisy_all2one,1e-43,0.8543695242105264,72,250,2428,0.0288,0.2236024844720497,0.0510276399716513,0.005263157894736842
noisy_all2one,1e-44,0.8543695242105264,65,212,2435,0.026,0.23465703971119134,0.04681310767014763,0.0044631578947368425
noisy_all2one,1e-45,0.8543695242105264,57,185,2443,0.0228,0.23553719008264462,0.04157549234135668,0.0038947368421052633
noisy_all2one,1e-46,0.8543695242105264,52,151,2448,0.0208,0.2561576354679803,0.03847576766555679,0.0031789473684210525
noisy_all2one,1e-47,0.8543695242105264,47,129,2453,0.0188,0.26704545454545453,0.035127055306427506,0.0027157894736842105
noisy_all2one,1e-48,0.8543695242105264,43,109,2457,0.0172,0.28289473684210525,0.032428355957767725,0.002294736842105263
noisy_all2one,1e-49,0.8543695242105264,39,94,2461,0.0156,0.2932330827067669,0.029624003038359284,0.0019789473684210528
noisy_all2one,1e-50,0.8543695242105264,33,82,2467,0.0132,0.28695652173913044,0.025239005736137667,0.0017263157894736843
noisy_all2one,1e-51,0.8543695242105264,32,71,2468,0.0128,0.3106796116504854,0.02458701498271226,0.001494736842105263
noisy_all2one,1e-52,0.8543695242105264,28,62,2472,0.0112,0.3111111111111111,0.021621621621621623,0.0013052631578947369
noisy_all2one,1e-53,0.8543695242105264,23,56,2477,0.0092,0.2911392405063291,0.017836370686312525,0.0011789473684210526
noisy_all2one,1e-54,0.8543695242105264,21,44,2479,0.0084,0.3230769230769231,0.01637426900584795,0.0009263157894736842
noisy_all2one,1e-55,0.8543695242105264,21,36,2479,0.0084,0.3684210526315789,0.016425498631208447,0.0007578947368421053
noisy_all2one,1e-56,0.8543695242105264,19,32,2481,0.0076,0.37254901960784315,0.014896119168953352,0.0006736842105263158
noisy_all2one,1e-57,0.8543695242105264,14,26,2486,0.0056,0.35,0.011023622047244094,0.0005473684210526316
noisy_all2one,1e-58,0.8543695242105264,12,21,2488,0.0048,0.36363636363636365,0.009474930911962099,0.00044210526315789476
noisy_all2one,1e-59,0.8543695242105264,12,19,2488,0.0048,0.3870967741935484,0.00948241801659423,0.0004
noisy_all2one,1e-60,0.8543695242105264,12,17,2488,0.0048,0.41379310344827586,0.009489916963226569,0.0003578947368421053
noisy_all2one,1e-61,0.8543695242105264,11,13,2489,0.0044,0.4583333333333333,0.008716323296354992,0.0002736842105263158
noisy_all2one,1e-62,0.8543695242105264,10,11,2490,0.004,0.47619047619047616,0.007933359777865927,0.00023157894736842104
noisy_all2one,1e-63,0.8543695242105264,10,9,2490,0.004,0.5263157894736842,0.007939658594680429,0.00018947368421052632
noisy_all2one,1e-64,0.8543695242105264,8,8,2492,0.0032,0.5,0.006359300476947536,0.00016842105263157895
noisy_all2one,1e-65,0.8543695242105264,6,7,2494,0.0024,0.46153846153846156,0.0047751691205730196,0.00014736842105263158
noisy_all2one,1e-66,0.8543695242105264,6,7,2494,0.0024,0.46153846153846156,0.0047751691205730196,0.00014736842105263158
noisy_all2one,1e-67,0.8543695242105264,6,4,2494,0.0024,0.6,0.004780876494023904,8.421052631578948e-05
noisy_all2one,1e-68,0.8543695242105264,5,4,2495,0.002,0.5555555555555556,0.0039856516540454365,8.421052631578948e-05
noisy_all2one,1e-69,0.8543695242105264,5,4,2495,0.002,0.5555555555555556,0.0039856516540454365,8.421052631578948e-05
noisy_all2one,1e-70,0.8543695242105264,5,4,2495,0.002,0.5555555555555556,0.0039856516540454365,8.421052631578948e-05
noisy_all2one,1e-71,0.8543695242105264,4,4,2496,0.0016,0.5,0.003189792663476874,8.421052631578948e-05
noisy_all2one,1e-72,0.8543695242105264,2,4,2498,0.0008,0.3333333333333333,0.0015961691939345571,8.421052631578948e-05
noisy_all2one,1e-73,0.8543695242105264,1,3,2499,0.0004,0.25,0.0007987220447284345,6.31578947368421e-05
noisy_all2one,1e-74,0.8543695242105264,0,3,2500,0.0,0.0,0.0,6.31578947368421e-05
noisy_all2one,1e-75,0.8543695242105264,0,2,2500,0.0,0.0,0.0,4.210526315789474e-05
noisy_all2one,1e-76,0.8543695242105264,0,2,2500,0.0,0.0,0.0,4.210526315789474e-05
noisy_all2one,1e-77,0.8543695242105264,0,2,2500,0.0,0.0,0.0,4.210526315789474e-05
noisy_all2one,1e-78,0.8543695242105264,0,2,2500,0.0,0.0,0.0,4.210526315789474e-05
noisy_all2one,1e-79,0.8543695242105264,0,2,2500,0.0,0.0,0.0,4.210526315789474e-05
noisy_all2one,1e-80,0.8543695242105264,0,2,2500,0.0,0.0,0.0,4.210526315789474e-05
noisy_all2one,1e-81,0.8543695242105264,0,2,2500,0.0,0.0,0.0,4.210526315789474e-05
noisy_all2one,1e-82,0.8543695242105264,0,2,2500,0.0,0.0,0.0,4.210526315789474e-05
noisy_all2one,1e-83,0.8543695242105264,0,2,2500,0.0,0.0,0.0,4.210526315789474e-05
noisy_all2one,1e-84,0.8543695242105264,0,2,2500,0.0,0.0,0.0,4.210526315789474e-05
noisy_all2one,1e-85,0.8543695242105264,0,2,2500,0.0,0.0,0.0,4.210526315789474e-05
noisy_all2one,1e-86,0.8543695242105264,0,2,2500,0.0,0.0,0.0,4.210526315789474e-05
noisy_all2one,1e-87,0.8543695242105264,0,1,2500,0.0,0.0,0.0,2.105263157894737e-05
noisy_all2one,1e-88,0.8543695242105264,0,1,2500,0.0,0.0,0.0,2.105263157894737e-05
noisy_all2one,1e-89,0.8543695242105264,0,1,2500,0.0,0.0,0.0,2.105263157894737e-05
noisy_all2one,1e-90,0.8543695242105264,0,1,2500,0.0,0.0,0.0,2.105263157894737e-05
noisy_all2one,1e-91,0.8543695242105264,0,1,2500,0.0,0.0,0.0,2.105263157894737e-05
noisy_all2one,1e-92,0.8543695242105264,0,1,2500,0.0,0.0,0.0,2.105263157894737e-05
noisy_all2one,1e-93,0.8543695242105264,0,1,2500,0.0,0.0,0.0,2.105263157894737e-05
noisy_all2one,1e-94,0.8543695242105264,0,1,2500,0.0,0.0,0.0,2.105263157894737e-05
noisy_all2one,1e-95,0.8543695242105264,0,1,2500,0.0,0.0,0.0,2.105263157894737e-05
noisy_all2one,1e-96,0.8543695242105264,0,1,2500,0.0,0.0,0.0,2.105263157894737e-05
noisy_all2one,1e-97,0.8543695242105264,0,1,2500,0.0,0.0,0.0,2.105263157894737e-05
noisy_all2one,1e-98,0.8543695242105264,0,1,2500,0.0,0.0,0.0,2.105263157894737e-05
noisy_all2one,1e-99,0.8543695242105264,0,1,2500,0.0,0.0,0.0,2.105263157894737e-05
noisy_all2one,1e-100,0.8543695242105264,0,1,2500,0.0,0.0,0.0,2.105263157894737e-05
noisy_label,1.0,0.4995228084210526,1962,37361,538,0.7848,0.049894463799811814,0.09382397245534753,0.7865473684210527
noisy_label,0.1,0.4995228084210526,1682,31757,818,0.6728,0.050300547265169415,0.09360304961184229,0.6685684210526316
noisy_label,0.01,0.4995228084210526,1544,29068,956,0.6176,0.050437736835228016,0.09325924136264799,0.6119578947368421
noisy_label,0.001,0.4995228084210526,1429,26951,1071,0.5716,0.0503523608174771,0.0925518134715026,0.5673894736842106
noisy_label,0.0001,0.4995228084210526,1332,25122,1168,0.5328,0.050351553640281245,0.09200801270981558,0.5288842105263157
noisy_label,1e-05,0.4995228084210526,1244,23503,1256,0.4976,0.050268719440740295,0.09131280507945828,0.4948
noisy_label,1e-06,0.4995228084210526,1159,22010,1341,0.4636,0.050023738616254476,0.09030347890451516,0.4633684210526316
noisy_label,1e-07,0.4995228084210526,1080,20701,1420,0.432,0.04958450025251366,0.0889584448745933,0.4358105263157895
noisy_label,1e-08,0.4995228084210526,1024,19510,1476,0.4096,0.049868510762637576,0.08891204306677086,0.4107368421052632
noisy_label,1e-09,0.4995228084210526,964,18423,1536,0.3856,0.049724041883736525,0.088088819847398,0.3878526315789474
noisy_label,1e-10,0.4995228084210526,903,17364,1597,0.3612,0.049433404499917885,0.08696489622959502,0.3655578947368421
noisy_label,1e-11,0.4995228084210526,852,16394,1648,0.3408,0.049402760060303835,0.0862959586751747,0.34513684210526313
noisy_label,1e-12,0.4995228084210526,792,15469,1708,0.3168,0.04870549166717914,0.08443046745909068,0.3256631578947368
noisy_label,1e-13,0.4995228084210526,747,14648,1753,0.2988,0.04852224748294901,0.0834870075440067,0.30837894736842103
noisy_label,1e-14,0.4995228084210526,699,13829,1801,0.2796,0.04811398678414097,0.0821000704721635,0.29113684210526314
noisy_label,1e-15,0.4995228084210526,674,13035,1826,0.2696,0.04916478225982931,0.08316367450181998,0.27442105263157895
noisy_label,1e-16,0.4995228084210526,643,12370,1857,0.2572,0.04941212633520326,0.08289821440082512,0.26042105263157894
noisy_label,1e-17,0.4995228084210526,608,11669,1892,0.2432,0.049523499226195325,0.08229004534073221,0.24566315789473683
noisy_label,1e-18,0.4995228084210526,579,11060,1921,0.2316,0.049746541799123634,0.08190112454911945,0.2328421052631579
noisy_label,1e-19,0.4995228084210526,543,10468,1957,0.2172,0.04931432204159477,0.08037895048479018,0.22037894736842106
noisy_label,1e-20,0.4995228084210526,516,9889,1984,0.2064,0.04959154252763095,0.07996900426191399,0.20818947368421054
noisy_label,1e-21,0.4995228084210526,493,9362,2007,0.1972,0.05002536783358701,0.07980574666127074,0.19709473684210527
noisy_label,1e-22,0.4995228084210526,469,8842,2031,0.1876,0.050370529481258725,0.07941749216831766,0.18614736842105264
noisy_label,1e-23,0.4995228084210526,441,8377,2059,0.1764,0.05001134044000907,0.07792896271426046,0.1763578947368421
noisy_label,1e-24,0.4995228084210526,415,7946,2085,0.166,0.04963521109915082,0.07642021913267655,0.16728421052631579
noisy_label,1e-25,0.4995228084210526,396,7525,2104,0.1584,0.049993687665698776,0.07600038384032243,0.15842105263157893
noisy_label,1e-26,0.4995228084210526,373,7130,2127,0.1492,0.049713447954151675,0.07457762671198641,0.15010526315789474
noisy_label,1e-27,0.4995228084210526,348,6712,2152,0.1392,0.04929178470254957,0.07280334728033473,0.14130526315789474
noisy_label,1e-28,0.4995228084210526,325,6381,2175,0.13,0.0484640620339994,0.07060612643927873,0.13433684210526317
noisy_label,1e-29,0.4995228084210526,302,6052,2198,0.1208,0.047529115517784076,0.06821775468714707,0.12741052631578947
noisy_label,1e-30,0.4995228084210526,289,5749,2211,0.1156,0.04786353097052004,0.06769735301007263,0.12103157894736842
noisy_label,1e-31,0.4995228084210526,270,5486,2230,0.108,0.046907574704656015,0.06540697674418604,0.11549473684210526
noisy_label,1e-32,0.4995228084210526,261,5185,2239,0.1044,0.04792508262945281,0.06569343065693431,0.1091578947368421
noisy_label,1e-33,0.4995228084210526,245,4920,2255,0.098,0.04743465634075508,0.0639269406392694,0.10357894736842105
noisy_label,1e-34,0.4995228084210526,232,4673,2268,0.0928,0.047298674821610605,0.06266036461850101,0.09837894736842105
noisy_label,1e-35,0.4995228084210526,227,4441,2273,0.0908,0.04862896315338475,0.06333705357142856,0.09349473684210527
noisy_label,1e-36,0.4995228084210526,219,4204,2281,0.0876,0.04951390458964504,0.06326736963744042,0.08850526315789474
noisy_label,1e-37,0.4995228084210526,212,4011,2288,0.0848,0.05020127871181625,0.06306708314740443,0.0844421052631579
noisy_label,1e-38,0.4995228084210526,201,3810,2299,0.0804,0.05011219147344802,0.06174166794655199,0.08021052631578947
noisy_label,1e-39,0.4995228084210526,191,3624,2309,0.0764,0.05006553079947575,0.06049089469517022,0.07629473684210526
noisy_label,1e-40,0.4995228084210526,181,3449,2319,0.0724,0.049862258953168044,0.05905383360522023,0.07261052631578947
noisy_label,1e-41,0.4995228084210526,173,3278,2327,0.0692,0.05013039698638076,0.0581414888254075,0.06901052631578948
noisy_label,1e-42,0.4995228084210526,165,3127,2335,0.066,0.05012150668286756,0.05697513812154697,0.06583157894736842
noisy_label,1e-43,0.4995228084210526,154,2977,2346,0.0616,0.04918556371766209,0.054697211862901794,0.06267368421052631
noisy_label,1e-44,0.4995228084210526,154,2814,2346,0.0616,0.05188679245283019,0.056327724945135334,0.059242105263157895
noisy_label,1e-45,0.4995228084210526,146,2681,2354,0.0584,0.05164485320127343,0.05481509292284587,0.0564421052631579
noisy_label,1e-46,0.4995228084210526,139,2555,2361,0.0556,0.05159613956941351,0.053523296110897185,0.053789473684210526
noisy_label,1e-47,0.4995228084210526,133,2436,2367,0.0532,0.051771117166212535,0.05247583349773131,0.051284210526315786
noisy_label,1e-48,0.4995228084210526,121,2305,2379,0.0484,0.04987633965375103,0.04912708079577751,0.04852631578947368
noisy_label,1e-49,0.4995228084210526,115,2178,2385,0.046,0.05015263846489315,0.047986647193824325,0.04585263157894737
noisy_label,1e-50,0.4995228084210526,110,2068,2390,0.044,0.050505050505050504,0.0470286447199658,0.04353684210526316
noisy_label,1e-51,0.4995228084210526,104,1967,2396,0.0416,0.05021728633510381,0.04550426602493984,0.041410526315789474
noisy_label,1e-52,0.4995228084210526,100,1875,2400,0.04,0.05063291139240506,0.0446927374301676,0.039473684210526314
noisy_label,1e-53,0.4995228084210526,94,1783,2406,0.0376,0.0500799147575919,0.042951793465844185,0.03753684210526316
noisy_label,1e-54,0.4995228084210526,88,1700,2412,0.0352,0.049217002237136466,0.041044776119402986,0.035789473684210524
noisy_label,1e-55,0.4995228084210526,85,1598,2415,0.034,0.050505050505050504,0.040640688501075786,0.0336421052631579
noisy_label,1e-56,0.4995228084210526,83,1522,2417,0.0332,0.051713395638629284,0.04043848964677223,0.03204210526315789
noisy_label,1e-57,0.4995228084210526,82,1438,2418,0.0328,0.05394736842105263,0.04079601990049752,0.030273684210526317
noisy_label,1e-58,0.4995228084210526,79,1369,2421,0.0316,0.054558011049723756,0.04002026342451875,0.02882105263157895
noisy_label,1e-59,0.4995228084210526,72,1300,2428,0.0288,0.052478134110787174,0.0371900826446281,0.02736842105263158
noisy_label,1e-60,0.4995228084210526,70,1245,2430,0.028,0.053231939163498096,0.03669724770642202,0.026210526315789472
noisy_label,1e-61,0.4995228084210526,70,1185,2430,0.028,0.055776892430278883,0.03728362183754993,0.02494736842105263
noisy_label,1e-62,0.4995228084210526,64,1138,2436,0.0256,0.05324459234608985,0.03457590491626148,0.023957894736842105
noisy_label,1e-63,0.4995228084210526,59,1077,2441,0.0236,0.05193661971830986,0.032453245324532455,0.022673684210526315
noisy_label,1e-64,0.4995228084210526,57,1025,2443,0.0228,0.05268022181146026,0.031825795644891124,0.02157894736842105
noisy_label,1e-65,0.4995228084210526,56,977,2444,0.0224,0.05421103581800581,0.03170110387772431,0.02056842105263158
noisy_label,1e-66,0.4995228084210526,56,927,2444,0.0224,0.056968463886063074,0.03215618719494688,0.019515789473684212
noisy_label,1e-67,0.4995228084210526,54,885,2446,0.0216,0.05750798722044728,0.03140447804594359,0.018631578947368423
noisy_label,1e-68,0.4995228084210526,51,837,2449,0.0204,0.057432432432432436,0.03010625737898466,0.017621052631578947
noisy_label,1e-69,0.4995228084210526,49,808,2451,0.0196,0.057176196032672114,0.02919273160560024,0.017010526315789472
noisy_label,1e-70,0.4995228084210526,45,778,2455,0.018,0.054678007290400975,0.027083960276858263,0.016378947368421052
noisy_label,1e-71,0.4995228084210526,42,731,2458,0.0168,0.054333764553686936,0.025664527956003668,0.015389473684210526
noisy_label,1e-72,0.4995228084210526,41,697,2459,0.0164,0.05555555555555555,0.0253242742433601,0.014673684210526316
noisy_label,1e-73,0.4995228084210526,40,664,2460,0.016,0.056818181818181816,0.024968789013732836,0.013978947368421053
noisy_label,1e-74,0.4995228084210526,39,637,2461,0.0156,0.057692307692307696,0.02455919395465995,0.013410526315789473
noisy_label,1e-75,0.4995228084210526,37,605,2463,0.0148,0.05763239875389408,0.023551877784850416,0.012736842105263158
noisy_label,1e-76,0.4995228084210526,36,579,2464,0.0144,0.05853658536585366,0.023113964686998393,0.012189473684210526
noisy_label,1e-77,0.4995228084210526,34,550,2466,0.0136,0.05821917808219178,0.022049286640726327,0.011578947368421053
noisy_label,1e-78,0.4995228084210526,33,525,2467,0.0132,0.05913978494623656,0.02158273381294964,0.011052631578947368
noisy_label,1e-79,0.4995228084210526,31,494,2469,0.0124,0.05904761904761905,0.020495867768595043,0.0104
noisy_label,1e-80,0.4995228084210526,30,472,2470,0.012,0.05976095617529881,0.019986675549633577,0.009936842105263157
noisy_label,1e-81,0.4995228084210526,30,451,2470,0.012,0.062370062370062374,0.020127474002012747,0.009494736842105262
noisy_label,1e-82,0.4995228084210526,28,425,2472,0.0112,0.06181015452538632,0.018963765662038605,0.008947368421052631
noisy_label,1e-83,0.4995228084210526,28,409,2472,0.0112,0.06407322654462243,0.019067075246850525,0.008610526315789473
noisy_label,1e-84,0.4995228084210526,27,398,2473,0.0108,0.06352941176470588,0.01846153846153846,0.008378947368421052
noisy_label,1e-85,0.4995228084210526,26,375,2474,0.0104,0.06483790523690773,0.017924853498793514,0.007894736842105263
noisy_label,1e-86,0.4995228084210526,26,357,2474,0.0104,0.06788511749347259,0.018036767256330213,0.007515789473684211
noisy_label,1e-87,0.4995228084210526,24,344,2476,0.0096,0.06521739130434782,0.016736401673640166,0.007242105263157894
noisy_label,1e-88,0.4995228084210526,22,324,2478,0.0088,0.06358381502890173,0.015460295151089248,0.006821052631578947
noisy_label,1e-89,0.4995228084210526,19,310,2481,0.0076,0.057750759878419454,0.013432308236125838,0.006526315789473684
noisy_label,1e-90,0.4995228084210526,19,298,2481,0.0076,0.05993690851735016,0.013489527866524673,0.006273684210526316
noisy_label,1e-91,0.4995228084210526,19,284,2481,0.0076,0.0627062706270627,0.013556903317873707,0.005978947368421052
noisy_label,1e-92,0.4995228084210526,19,270,2481,0.0076,0.0657439446366782,0.013624955181068484,0.00568421052631579
noisy_label,1e-93,0.4995228084210526,17,262,2483,0.0068,0.06093189964157706,0.012234616768621807,0.005515789473684211
noisy_label,1e-94,0.4995228084210526,16,246,2484,0.0064,0.061068702290076333,0.01158580738595221,0.005178947368421053
noisy_label,1e-95,0.4995228084210526,15,240,2485,0.006,0.058823529411764705,0.010889292196007259,0.0050526315789473685
noisy_label,1e-96,0.4995228084210526,14,232,2486,0.0056,0.056910569105691054,0.010196649672250545,0.0048842105263157895
noisy_label,1e-97,0.4995228084210526,14,218,2486,0.0056,0.0603448275862069,0.010248901903367497,0.004589473684210526
noisy_label,1e-98,0.4995228084210526,12,212,2488,0.0048,0.05357142857142857,0.008810572687224669,0.0044631578947368425
noisy_label,1e-99,0.4995228084210526,10,200,2490,0.004,0.047619047619047616,0.007380073800738007,0.004210526315789474
noisy_label,1e-100,0.4995228084210526,10,191,2490,0.004,0.04975124378109453,0.007404664938911515,0.004021052631578948
ssba,1.0,0.7134804084210526,2367,36843,133,0.9468,0.0603672532517215,0.11349796211939583,0.7756421052631579
ssba,0.1,0.7134804084210526,2228,30385,272,0.8912,0.06831631557967682,0.12690456526072966,0.6396842105263157
ssba,0.01,0.7134804084210526,2141,27545,359,0.8564,0.07212153877248535,0.13303920959423352,0.5798947368421052
ssba,0.001,0.7134804084210526,2075,25314,425,0.83,0.07576034174303553,0.1388470674830205,0.5329263157894737
ssba,0.0001,0.7134804084210526,2009,23391,491,0.8036,0.07909448818897638,0.14401433691756274,0.4924421052631579
ssba,1e-05,0.7134804084210526,1928,21689,572,0.7712,0.0816361095820807,0.14764329746908145,0.45661052631578947
ssba,1e-06,0.7134804084210526,1871,20268,629,0.7484,0.08451149555083788,0.15187304679573033,0.42669473684210524
ssba,1e-07,0.7134804084210526,1808,18948,692,0.7232,0.08710734245519368,0.15548675610595117,0.39890526315789476
ssba,1e-08,0.7134804084210526,1744,17768,756,0.6976,0.08938089380893809,0.15845902235144466,0.3740631578947368
ssba,1e-09,0.7134804084210526,1672,16673,828,0.6688,0.09114200054510765,0.16042216358839048,0.3510105263157895
ssba,1e-10,0.7134804084210526,1620,15626,880,0.648,0.09393482546677491,0.16408386508659983,0.3289684210526316
ssba,1e-11,0.7134804084210526,1566,14752,934,0.6264,0.09596764309351637,0.16643639068976512,0.3105684210526316
ssba,1e-12,0.7134804084210526,1509,13894,991,0.6036,0.09796792832565085,0.16857509914539465,0.2925052631578947
ssba,1e-13,0.7134804084210526,1457,13113,1043,0.5828,0.1,0.17070884592852958,0.27606315789473684
ssba,1e-14,0.7134804084210526,1408,12382,1092,0.5632,0.10210297316896301,0.17286678944137507,0.26067368421052634
ssba,1e-15,0.7134804084210526,1372,11693,1128,0.5488,0.10501339456563337,0.17629296498554448,0.2461684210526316
ssba,1e-16,0.7134804084210526,1313,11019,1187,0.5252,0.10647096983457671,0.17704962243797195,0.23197894736842106
ssba,1e-17,0.7134804084210526,1257,10425,1243,0.5028,0.10760143810991268,0.17726695811592158,0.21947368421052632
ssba,1e-18,0.7134804084210526,1199,9872,1301,0.4796,0.10830096648902539,0.17670031685211113,0.20783157894736842
ssba,1e-19,0.7134804084210526,1154,9298,1346,0.4616,0.11040949100650593,0.17819641754169244,0.19574736842105264
ssba,1e-20,0.7134804084210526,1107,8784,1393,0.4428,0.11191992720655142,0.17867807279477038,0.1849263157894737
ssba,1e-21,0.7134804084210526,1060,8287,1440,0.424,0.11340537070717878,0.17894825694268593,0.17446315789473685
ssba,1e-22,0.7134804084210526,1013,7846,1487,0.4052,0.11434699175979231,0.1783607711946474,0.16517894736842106
ssba,1e-23,0.7134804084210526,968,7429,1532,0.3872,0.11527926640466833,0.17766357713132055,0.1564
ssba,1e-24,0.7134804084210526,926,7032,1574,0.3704,0.11636089469716009,0.1770893096194301,0.1480421052631579
ssba,1e-25,0.7134804084210526,887,6686,1613,0.3548,0.11712663409481051,0.17611436513451803,0.1407578947368421
ssba,1e-26,0.7134804084210526,850,6318,1650,0.34,0.11858258928571429,0.17583781547372776,0.13301052631578947
ssba,1e-27,0.7134804084210526,814,6015,1686,0.3256,0.11919753990335334,0.17450959373995067,0.12663157894736843
ssba,1e-28,0.7134804084210526,771,5709,1729,0.3084,0.11898148148148148,0.17171492204899777,0.12018947368421053
ssba,1e-29,0.7134804084210526,741,5405,1759,0.2964,0.12056622193296453,0.1714087439278279,0.11378947368421052
ssba,1e-30,0.7134804084210526,712,5107,1788,0.2848,0.12235779343529816,0.17117442000240415,0.10751578947368422
ssba,1e-31,0.7134804084210526,685,4865,1815,0.274,0.12342342342342343,0.1701863354037267,0.10242105263157894
ssba,1e-32,0.7134804084210526,657,4599,1843,0.2628,0.125,0.16941722537390408,0.09682105263157895
ssba,1e-33,0.7134804084210526,626,4331,1874,0.2504,0.12628606011700624,0.1678959367037683,0.09117894736842105
ssba,1e-34,0.7134804084210526,602,4081,1898,0.2408,0.12855007473841554,0.16761798691354585,0.08591578947368421
ssba,1e-35,0.7134804084210526,573,3862,1927,0.2292,0.12919954904171363,0.16524873828406633,0.08130526315789474
ssba,1e-36,0.7134804084210526,541,3680,1959,0.2164,0.12816868040748639,0.1609879482219908,0.07747368421052632
ssba,1e-37,0.7134804084210526,527,3462,1973,0.2108,0.13211331160691903,0.16242872553552165,0.07288421052631579
ssba,1e-38,0.7134804084210526,503,3302,1997,0.2012,0.13219448094612352,0.15955590800951625,0.06951578947368421
ssba,1e-39,0.7134804084210526,484,3139,2016,0.1936,0.13359094672922991,0.15809243834721542,0.06608421052631579
ssba,1e-40,0.7134804084210526,453,2986,2047,0.1812,0.13172433847048562,0.1525509345007577,0.06286315789473684
ssba,1e-41,0.7134804084210526,439,2824,2061,0.1756,0.13453876800490347,0.1523512059691133,0.05945263157894737
ssba,1e-42,0.7134804084210526,409,2700,2091,0.1636,0.13155355419749115,0.14583704760206812,0.056842105263157895
ssba,1e-43,0.7134804084210526,394,2577,2106,0.1576,0.13261528105015147,0.14403216962164136,0.05425263157894737
ssba,1e-44,0.7134804084210526,374,2454,2126,0.1496,0.13224893917963224,0.1403903903903904,0.05166315789473684
ssba,1e-45,0.7134804084210526,352,2335,2148,0.1408,0.13100111648678825,0.1357239251976094,0.0491578947368421
ssba,1e-46,0.7134804084210526,338,2214,2162,0.1352,0.13244514106583072,0.13380839271575615,0.04661052631578947
ssba,1e-47,0.7134804084210526,325,2104,2175,0.13,0.13379991766158914,0.13187259078920674,0.04429473684210526
ssba,1e-48,0.7134804084210526,313,2001,2187,0.1252,0.13526361279170268,0.13003739094308267,0.042126315789473685
ssba,1e-49,0.7134804084210526,300,1916,2200,0.12,0.13537906137184116,0.1272264631043257,0.04033684210526316
ssba,1e-50,0.7134804084210526,280,1825,2220,0.112,0.1330166270783848,0.1216069489685125,0.038421052631578946
ssba,1e-51,0.7134804084210526,266,1733,2234,0.1064,0.1330665332666333,0.11824849966659257,0.03648421052631579
ssba,1e-52,0.7134804084210526,243,1633,2257,0.0972,0.12953091684434967,0.11106032906764168,0.03437894736842105
ssba,1e-53,0.7134804084210526,230,1551,2270,0.092,0.1291409320606401,0.10745153001635133,0.03265263157894737
ssba,1e-54,0.7134804084210526,223,1475,2277,0.0892,0.13133097762073026,0.10624106717484517,0.03105263157894737
ssba,1e-55,0.7134804084210526,211,1400,2289,0.0844,0.13097454996896338,0.10265142301143274,0.029473684210526315
ssba,1e-56,0.7134804084210526,202,1338,2298,0.0808,0.13116883116883116,0.1,0.02816842105263158
ssba,1e-57,0.7134804084210526,197,1268,2303,0.0788,0.13447098976109215,0.09936948297604034,0.026694736842105264
ssba,1e-58,0.7134804084210526,186,1208,2314,0.0744,0.133428981348637,0.09553158705701077,0.02543157894736842
ssba,1e-59,0.7134804084210526,179,1146,2321,0.0716,0.1350943396226415,0.09359477124183006,0.024126315789473683
ssba,1e-60,0.7134804084210526,168,1089,2332,0.0672,0.13365155131264916,0.08943305829118979,0.022926315789473684
ssba,1e-61,0.7134804084210526,158,1030,2342,0.0632,0.132996632996633,0.08568329718004339,0.02168421052631579
ssba,1e-62,0.7134804084210526,147,975,2353,0.0588,0.13101604278074866,0.0811706239646604,0.020526315789473684
ssba,1e-63,0.7134804084210526,140,927,2360,0.056,0.13120899718837864,0.0784973366975049,0.019515789473684212
ssba,1e-64,0.7134804084210526,128,880,2372,0.0512,0.12698412698412698,0.07297605473204105,0.018526315789473686
ssba,1e-65,0.7134804084210526,124,827,2376,0.0496,0.13038906414300735,0.07186322804984062,0.017410526315789474
ssba,1e-66,0.7134804084210526,119,779,2381,0.0476,0.13251670378619154,0.07004120070629782,0.0164
ssba,1e-67,0.7134804084210526,115,746,2385,0.046,0.13356562137049943,0.06843201428146385,0.015705263157894736
ssba,1e-68,0.7134804084210526,108,708,2392,0.0432,0.1323529411764706,0.06513872135102533,0.014905263157894737
ssba,1e-69,0.7134804084210526,102,665,2398,0.0408,0.13298565840938723,0.062442607897153356,0.014
ssba,1e-70,0.7134804084210526,99,641,2401,0.0396,0.13378378378378378,0.061111111111111116,0.013494736842105262
ssba,1e-71,0.7134804084210526,96,615,2404,0.0384,0.1350210970464135,0.05979445655559015,0.012947368421052631
ssba,1e-72,0.7134804084210526,92,593,2408,0.0368,0.1343065693430657,0.057770800627943486,0.012484210526315789
ssba,1e-73,0.7134804084210526,91,571,2409,0.0364,0.13746223564954682,0.05755850727387729,0.012021052631578948
ssba,1e-74,0.7134804084210526,90,542,2410,0.036,0.14240506329113925,0.05747126436781609,0.011410526315789473
ssba,1e-75,0.7134804084210526,84,519,2416,0.0336,0.13930348258706468,0.05414115372220432,0.010926315789473685
ssba,1e-76,0.7134804084210526,80,496,2420,0.032,0.1388888888888889,0.05201560468140442,0.010442105263157895
ssba,1e-77,0.7134804084210526,78,471,2422,0.0312,0.14207650273224043,0.05116431616923581,0.009915789473684211
ssba,1e-78,0.7134804084210526,71,454,2429,0.0284,0.13523809523809524,0.04694214876033058,0.009557894736842105
ssba,1e-79,0.7134804084210526,67,433,2433,0.0268,0.134,0.04466666666666667,0.00911578947368421
ssba,1e-80,0.7134804084210526,65,419,2435,0.026,0.13429752066115702,0.0435656836461126,0.008821052631578948
ssba,1e-81,0.7134804084210526,60,400,2440,0.024,0.13043478260869565,0.04054054054054054,0.008421052631578947
ssba,1e-82,0.7134804084210526,59,376,2441,0.0236,0.135632183908046,0.040204429301533215,0.007915789473684211
ssba,1e-83,0.7134804084210526,56,362,2444,0.0224,0.1339712918660287,0.03838245373543523,0.007621052631578948
ssba,1e-84,0.7134804084210526,55,344,2445,0.022,0.13784461152882205,0.037944118661607455,0.007242105263157894
ssba,1e-85,0.7134804084210526,53,325,2447,0.0212,0.1402116402116402,0.03683113273106324,0.006842105263157895
ssba,1e-86,0.7134804084210526,51,309,2449,0.0204,0.14166666666666666,0.03566433566433567,0.006505263157894737
ssba,1e-87,0.7134804084210526,48,299,2452,0.0192,0.138328530259366,0.03371970495258166,0.0062947368421052636
ssba,1e-88,0.7134804084210526,47,286,2453,0.0188,0.14114114114114115,0.033180374161666075,0.006021052631578947
ssba,1e-89,0.7134804084210526,45,275,2455,0.018,0.140625,0.031914893617021274,0.005789473684210527
ssba,1e-90,0.7134804084210526,42,266,2458,0.0168,0.13636363636363635,0.02991452991452991,0.0056
ssba,1e-91,0.7134804084210526,38,249,2462,0.0152,0.13240418118466898,0.027269465374955153,0.005242105263157895
ssba,1e-92,0.7134804084210526,35,238,2465,0.014,0.1282051282051282,0.02524341868012982,0.005010526315789474
ssba,1e-93,0.7134804084210526,33,224,2467,0.0132,0.12840466926070038,0.02393906420021763,0.0047157894736842105
ssba,1e-94,0.7134804084210526,33,212,2467,0.0132,0.1346938775510204,0.024043715846994537,0.0044631578947368425
ssba,1e-95,0.7134804084210526,33,205,2467,0.0132,0.13865546218487396,0.024105186267348432,0.00431578947368421
ssba,1e-96,0.7134804084210526,33,201,2467,0.0132,0.14102564102564102,0.024140453547915146,0.004231578947368421
ssba,1e-97,0.7134804084210526,33,192,2467,0.0132,0.14666666666666667,0.024220183486238535,0.004042105263157895
ssba,1e-98,0.7134804084210526,32,183,2468,0.0128,0.14883720930232558,0.023572744014732968,0.0038526315789473684
ssba,1e-99,0.7134804084210526,31,178,2469,0.0124,0.14832535885167464,0.022886674049464747,0.0037473684210526316
ssba,1e-100,0.7134804084210526,29,165,2471,0.0116,0.14948453608247422,0.02152932442464736,0.003473684210526316
wanet,1.0,0.94118248,2500,36643,0,1.0,0.0638683800424086,0.12006819873688254,0.7714315789473685
wanet,0.1,0.94118248,2500,30291,0,1.0,0.07624043182580587,0.14167918166104673,0.6377052631578948
wanet,0.01,0.94118248,2500,27389,0,1.0,0.08364281173675935,0.15437339837599184,0.5766105263157895
wanet,0.001,0.94118248,2500,25158,0,1.0,0.0903897606479138,0.16579348763180582,0.5296421052631579
wanet,0.0001,0.94118248,2500,23373,0,1.0,0.0966258261508136,0.17622387481055937,0.49206315789473687
wanet,1e-05,0.94118248,2500,21745,0,1.0,0.10311404413281089,0.1869508319312021,0.4577894736842105
wanet,1e-06,0.94118248,2500,20359,0,1.0,0.10936611400323723,0.1971686580701132,0.4286105263157895
wanet,1e-07,0.94118248,2500,19153,0,1.0,0.11545744238673625,0.20701362149629446,0.4032210526315789
wanet,1e-08,0.94118248,2499,18035,1,0.9996,0.12170059413655401,0.21698358947642615,0.3796842105263158
wanet,1e-09,0.94118248,2499,16968,1,0.9996,0.12837108953613807,0.22752310283607227,0.35722105263157894
wanet,1e-10,0.94118248,2496,15996,4,0.9984,0.13497728747566515,0.23780487804878048,0.3367578947368421
wanet,1e-11,0.94118248,2494,15104,6,0.9976,0.14172065007387202,0.24818389889541245,0.317978947368421
wanet,1e-12,0.94118248,2490,14327,10,0.996,0.14806445858357614,0.2578040068333592,0.30162105263157896
wanet,1e-13,0.94118248,2489,13575,11,0.9956,0.15494272908366533,0.26815341521223873,0.28578947368421054
wanet,1e-14,0.94118248,2489,12916,11,0.9956,0.16157091853294384,0.2780228986316671,0.2719157894736842
wanet,1e-15,0.94118248,2487,12281,13,0.9948,0.16840465872156013,0.28804725503822104,0.25854736842105264
wanet,1e-16,0.94118248,2486,11727,14,0.9944,0.17491029339337227,0.29749296954466586,0.2468842105263158
wanet,1e-17,0.94118248,2483,11195,17,0.9932,0.18153238777599065,0.3069600692298183,0.2356842105263158
wanet,1e-18,0.94118248,2476,10706,24,0.9904,0.18783189197390382,0.3157760489733452,0.22538947368421053
wanet,1e-19,0.94118248,2469,10252,31,0.9876,0.19408851505384797,0.3244202089218842,0.21583157894736843
wanet,1e-20,0.94118248,2459,9823,41,0.9836,0.20021169190685556,0.33270193478555,0.2068
wanet,1e-21,0.94118248,2453,9438,47,0.9812,0.2062904717853839,0.34090751163921895,0.19869473684210526
wanet,1e-22,0.94118248,2447,9043,53,0.9788,0.21296779808529157,0.3498213009292352,0.19037894736842106
wanet,1e-23,0.94118248,2441,8736,59,0.9764,0.21839491813545675,0.3569496234554361,0.1839157894736842
wanet,1e-24,0.94118248,2430,8424,70,0.972,0.22388059701492538,0.36393589935599824,0.17734736842105264
wanet,1e-25,0.94118248,2424,8128,76,0.9696,0.22971948445792267,0.37143732761262643,0.17111578947368422
wanet,1e-26,0.94118248,2416,7882,84,0.9664,0.23460866187609244,0.3775589935927489,0.16593684210526316
wanet,1e-27,0.94118248,2407,7631,93,0.9628,0.23978880255030882,0.3839527835380443,0.16065263157894738
wanet,1e-28,0.94118248,2399,7396,101,0.9596,0.24492087799897908,0.39023993493289955,0.15570526315789474
wanet,1e-29,0.94118248,2385,7186,115,0.954,0.24919026225054852,0.39516195841272467,0.1512842105263158
wanet,1e-30,0.94118248,2369,6983,131,0.9476,0.2533147989734816,0.399763752953088,0.14701052631578948
wanet,1e-31,0.94118248,2359,6771,141,0.9436,0.2583789704271632,0.40567497850386935,0.14254736842105264
wanet,1e-32,0.94118248,2353,6584,147,0.9412,0.26328745664093095,0.41147153973944217,0.13861052631578946
wanet,1e-33,0.94118248,2341,6427,159,0.9364,0.26699361313868614,0.4155129570465033,0.13530526315789473
wanet,1e-34,0.94118248,2329,6272,171,0.9316,0.270782467154982,0.4196018376722818,0.1320421052631579
wanet,1e-35,0.94118248,2324,6124,176,0.9296,0.27509469696969696,0.4245524296675191,0.1289263157894737
wanet,1e-36,0.94118248,2305,5983,195,0.922,0.2781129343629344,0.42732665925101965,0.1259578947368421
wanet,1e-37,0.94118248,2285,5848,215,0.914,0.2809541374646502,0.4297940374306405,0.1231157894736842
wanet,1e-38,0.94118248,2270,5697,230,0.908,0.2849253169323459,0.43374414827553265,0.11993684210526316
wanet,1e-39,0.94118248,2250,5575,250,0.9,0.28753993610223644,0.4358353510895884,0.11736842105263158
wanet,1e-40,0.94118248,2234,5448,266,0.8936,0.29080968497787035,0.4388135926144176,0.11469473684210527
wanet,1e-41,0.94118248,2219,5347,281,0.8876,0.29328575204863866,0.4408901251738525,0.11256842105263158
wanet,1e-42,0.94118248,2195,5239,305,0.878,0.29526499865482914,0.44191664988926915,0.11029473684210526
wanet,1e-43,0.94118248,2178,5129,322,0.8712,0.2980703435062269,0.4441725298256348,0.10797894736842105
wanet,1e-44,0.94118248,2160,5027,340,0.864,0.3005426464449701,0.445958501083927,0.10583157894736842
wanet,1e-45,0.94118248,2142,4936,358,0.8568,0.3026278609776773,0.4472750052202965,0.10391578947368421
wanet,1e-46,0.94118248,2128,4833,372,0.8512,0.3057032035627065,0.4498467392453229,0.10174736842105263
wanet,1e-47,0.94118248,2110,4738,390,0.844,0.30811915887850466,0.4514334617030381,0.09974736842105263
wanet,1e-48,0.94118248,2092,4636,408,0.8368,0.31093935790725324,0.4534026874729085,0.0976
wanet,1e-49,0.94118248,2069,4558,431,0.8276,0.3122076354308133,0.4533800810781199,0.0959578947368421
wanet,1e-50,0.94118248,2050,4482,450,0.82,0.3138395590936926,0.45394154118689106,0.0943578947368421
wanet,1e-51,0.94118248,2032,4396,468,0.8128,0.31611698817672684,0.4551971326164875,0.09254736842105263
wanet,1e-52,0.94118248,2017,4328,483,0.8068,0.3178881008668243,0.4560768795929904,0.0911157894736842
wanet,1e-53,0.94118248,1996,4251,504,0.7984,0.31951336641587963,0.4563850463015892,0.08949473684210527
wanet,1e-54,0.94118248,1972,4169,528,0.7888,0.321120338707051,0.4564286540909617,0.08776842105263158
wanet,1e-55,0.94118248,1949,4096,551,0.7796,0.32241521918941274,0.4561732007021651,0.08623157894736842
wanet,1e-56,0.94118248,1930,4020,570,0.772,0.3243697478991597,0.4568047337278107,0.08463157894736842
wanet,1e-57,0.94118248,1906,3948,594,0.7624,0.32558934062179706,0.4563083552789083,0.08311578947368421
wanet,1e-58,0.94118248,1879,3883,621,0.7516,0.3261020479000347,0.45485354635681435,0.08174736842105264
wanet,1e-59,0.94118248,1861,3809,639,0.7444,0.32821869488536154,0.4555691554467564,0.08018947368421053
wanet,1e-60,0.94118248,1837,3749,663,0.7348,0.3288578589330469,0.4543655701211971,0.07892631578947368
wanet,1e-61,0.94118248,1814,3691,686,0.7256,0.32951861943687555,0.45321673953778885,0.07770526315789474
wanet,1e-62,0.94118248,1790,3613,710,0.716,0.33129742735517304,0.45299253448057697,0.07606315789473685
wanet,1e-63,0.94118248,1768,3540,732,0.7072,0.33308214016578747,0.45286885245901637,0.07452631578947369
wanet,1e-64,0.94118248,1746,3471,754,0.6984,0.33467510063254746,0.4525074510820267,0.07307368421052632
wanet,1e-65,0.94118248,1714,3405,786,0.6856,0.33483102168392265,0.44992781204882537,0.0716842105263158
wanet,1e-66,0.94118248,1690,3349,810,0.676,0.3353840047628498,0.4483353229871337,0.07050526315789474
wanet,1e-67,0.94118248,1671,3282,829,0.6684,0.33737129012719563,0.4484100362270227,0.06909473684210526
wanet,1e-68,0.94118248,1645,3225,855,0.658,0.337782340862423,0.44640434192673,0.06789473684210526
wanet,1e-69,0.94118248,1630,3171,870,0.652,0.33951260154134555,0.44651417614025474,0.0667578947368421
wanet,1e-70,0.94118248,1612,3122,888,0.6448,0.3405154203633291,0.4456732098424108,0.06572631578947369
wanet,1e-71,0.94118248,1584,3062,916,0.6336,0.340938441670254,0.44332493702770787,0.06446315789473685
wanet,1e-72,0.94118248,1566,3001,934,0.6264,0.3428946792204949,0.44318664213952175,0.06317894736842106
wanet,1e-73,0.94118248,1553,2950,947,0.6212,0.3448811903175661,0.4435242039126088,0.06210526315789474
wanet,1e-74,0.94118248,1530,2897,970,0.612,0.34560650553422184,0.44174967518406244,0.060989473684210524
wanet,1e-75,0.94118248,1511,2840,989,0.6044,0.34727648816364054,0.44110348854181874,0.059789473684210524
wanet,1e-76,0.94118248,1493,2796,1007,0.5972,0.34809979016087667,0.4398291353660333,0.05886315789473684
wanet,1e-77,0.94118248,1467,2742,1033,0.5868,0.34853884533143265,0.43732299895662546,0.05772631578947368
wanet,1e-78,0.94118248,1442,2697,1058,0.5768,0.3483933317226383,0.4344027715017322,0.056778947368421054
wanet,1e-79,0.94118248,1413,2648,1087,0.5652,0.3479438561930559,0.4307270233196159,0.05574736842105263
wanet,1e-80,0.94118248,1394,2588,1106,0.5576,0.3500753390256153,0.4301141622955878,0.05448421052631579
wanet,1e-81,0.94118248,1369,2539,1131,0.5476,0.35030706243602866,0.4272784019975031,0.05345263157894737
wanet,1e-82,0.94118248,1343,2483,1157,0.5372,0.351019341348667,0.42459690167562447,0.05227368421052631
wanet,1e-83,0.94118248,1316,2435,1184,0.5264,0.3508397760597174,0.42105263157894735,0.051263157894736844
wanet,1e-84,0.94118248,1295,2392,1205,0.518,0.35123406563601844,0.41861968643930825,0.05035789473684211
wanet,1e-85,0.94118248,1265,2349,1235,0.506,0.35002767017155506,0.41380438338240105,0.049452631578947366
wanet,1e-86,0.94118248,1241,2305,1259,0.4964,0.3499717992103779,0.4105193516374463,0.04852631578947368
wanet,1e-87,0.94118248,1222,2256,1278,0.4888,0.35135135135135137,0.4088323854131817,0.04749473684210526
wanet,1e-88,0.94118248,1206,2212,1294,0.4824,0.35283791691047395,0.407570125042244,0.04656842105263158
wanet,1e-89,0.94118248,1178,2163,1322,0.4712,0.3525890451960491,0.4033555897962678,0.04553684210526316
wanet,1e-90,0.94118248,1152,2119,1348,0.4608,0.3521858758789361,0.39923756714607517,0.044610526315789475
wanet,1e-91,0.94118248,1126,2072,1374,0.4504,0.3520950594121326,0.39522639522639524,0.04362105263157895
wanet,1e-92,0.94118248,1101,2032,1399,0.4404,0.3514203638684966,0.3909107047754305,0.042778947368421055
wanet,1e-93,0.94118248,1081,2000,1419,0.4324,0.35086011035378123,0.3873857731589321,0.042105263157894736
wanet,1e-94,0.94118248,1056,1958,1444,0.4224,0.35036496350364965,0.383025027203482,0.04122105263157895
wanet,1e-95,0.94118248,1041,1915,1459,0.4164,0.35216508795669826,0.3815982404692082,0.04031578947368421
wanet,1e-96,0.94118248,1016,1876,1484,0.4064,0.35131396957123096,0.37685459940652816,0.03949473684210526
wanet,1e-97,0.94118248,990,1830,1510,0.396,0.35106382978723405,0.3721804511278196,0.038526315789473686
wanet,1e-98,0.94118248,971,1781,1529,0.3884,0.3528343023255814,0.36976389946686977,0.03749473684210526
wanet,1e-99,0.94118248,953,1733,1547,0.3812,0.35480268056589725,0.367527959892017,0.03648421052631579
wanet,1e-100,0.94118248,938,1686,1562,0.3752,0.35746951219512196,0.36612021857923505,0.035494736842105266
